,Country,Region,Year,Water Source Type,Water Treatment Method,"Cholera Cases per 100,000 people","Typhoid Cases per 100,000 people","Infant Mortality Rate (per 1,000 live births)",GDP per Capita (USD),Healthcare Access Index (0-100),Urbanization Rate (%),Sanitation Coverage (% of Population),Rainfall (mm per year),Temperature (°C),Population Density (people per km²)
1500,Bangladesh,Central,2013,Pond,Chlorination,26,72,28.2,51393,15.82,45.61,90.35,1196,39.61,191
1501,Brazil,North,2016,Well,,12,42,20.63,41171,31.58,11.58,22.71,1170,22.44,193
1502,Brazil,South,2004,Tap,Boiling,37,57,54.85,20617,52.32,66.88,90.69,1740,10.82,577
1503,Brazil,East,2001,Tap,Filtration,20,81,46.66,31678,11.25,26.15,60.58,850,12.7,648
1504,India,West,2019,River,Boiling,25,53,33.83,70500,47.85,17.27,82.84,2350,38.01,574
1505,Brazil,North,2015,Lake,,44,81,83.69,60618,44.53,77.36,95.89,2082,36.0,209
1506,USA,South,2013,Pond,Boiling,22,39,51.48,2345,23.19,48.85,37.23,1469,14.0,966
1507,Bangladesh,Central,2013,River,Boiling,29,99,10.97,78465,19.97,69.91,67.03,2395,2.54,555
1508,USA,North,2000,Spring,,30,26,30.98,24519,24.74,75.75,90.69,1018,33.34,55
1509,Ethiopia,North,2002,Well,Boiling,30,12,97.39,82950,60.51,87.17,87.55,869,36.58,729
1510,Bangladesh,West,2006,Lake,Chlorination,15,46,97.74,57229,41.5,59.9,61.68,1399,33.5,349
1511,USA,South,2014,River,,41,71,26.96,81198,41.4,15.46,95.96,968,36.52,851
1512,Bangladesh,East,2018,Tap,Chlorination,40,22,18.39,56969,18.17,54.62,76.68,618,23.04,571
1513,Ethiopia,Central,2019,Tap,,6,58,50.58,90361,78.74,50.76,61.93,2145,33.59,718
1514,Indonesia,South,2001,Lake,Boiling,16,76,49.18,19762,70.04,14.61,24.63,732,37.76,505
1515,India,Central,2018,Tap,Chlorination,23,6,42.19,3904,42.91,34.5,58.98,1107,35.6,532
1516,India,North,2008,River,Chlorination,19,49,53.88,65085,14.22,42.97,53.75,427,23.49,892
1517,Brazil,West,2018,River,Filtration,38,65,24.76,91049,71.47,22.88,44.42,1260,29.86,240
1518,China,West,2004,Tap,Chlorination,26,2,13.26,50034,89.88,10.7,95.43,1826,28.85,95
1519,Brazil,East,2017,Tap,Chlorination,1,38,57.91,54662,17.83,70.56,94.06,1550,32.12,852
1520,Mexico,West,2015,Spring,Boiling,0,86,93.39,48978,60.27,78.13,46.98,377,9.15,155
1521,USA,North,2003,Well,Chlorination,33,6,15.5,42749,42.43,28.33,54.86,2213,0.09,987
1522,Bangladesh,East,2011,Lake,Chlorination,26,67,71.07,93464,8.77,10.3,80.15,667,20.4,680
1523,China,South,2006,River,Chlorination,36,54,44.91,5568,72.58,81.19,86.8,821,30.62,989
1524,Ethiopia,West,2013,Lake,Boiling,49,7,30.81,47236,7.11,20.72,28.81,2095,5.0,327
1525,Mexico,East,2022,Spring,,5,31,85.6,10729,70.22,42.26,59.26,2403,21.31,544
1526,Ethiopia,North,2011,River,Boiling,37,18,46.74,89514,28.12,39.28,93.16,2507,12.58,369
1527,India,Central,2002,Spring,Chlorination,26,11,59.16,77944,56.57,23.14,73.17,2643,33.53,190
1528,India,Central,2004,Spring,,47,56,45.42,43912,16.05,57.9,63.44,1802,4.01,583
1529,Brazil,North,2016,Pond,Boiling,15,9,9.96,89584,37.09,83.48,77.44,2507,33.92,83
1530,USA,North,2009,Tap,Boiling,34,77,60.3,91497,10.41,51.1,72.91,470,24.43,538
1531,China,Central,2009,Pond,,26,90,43.05,44954,46.73,87.83,95.38,611,36.78,903
1532,Pakistan,East,2010,Lake,Filtration,34,20,10.5,69050,21.33,25.26,93.01,592,37.43,818
1533,Mexico,Central,2016,Lake,Chlorination,35,19,60.39,37442,18.79,77.88,51.82,2442,32.36,264
1534,Mexico,North,2004,Tap,Filtration,37,3,2.97,90920,10.72,30.55,22.56,2614,21.2,374
1535,Brazil,West,2012,Pond,Chlorination,27,18,22.43,58570,76.54,30.04,46.61,1093,5.7,273
1536,India,South,2009,Lake,Chlorination,2,28,78.54,69140,63.95,19.42,36.23,793,9.02,936
1537,Brazil,West,2008,Pond,Filtration,40,70,5.72,19821,15.69,79.09,30.52,2809,16.71,826
1538,Bangladesh,West,2016,Tap,Filtration,30,63,65.37,14517,47.24,68.0,91.04,1301,29.16,889
1539,China,North,2000,River,Chlorination,2,96,95.07,43173,66.09,37.33,76.79,2784,21.79,194
1540,USA,Central,2003,Spring,,37,71,18.78,78099,87.81,37.95,22.61,2030,17.53,441
1541,Indonesia,East,2003,Spring,,23,10,42.88,83370,5.96,77.58,93.58,2819,19.1,702
1542,Nigeria,West,2017,Pond,Filtration,25,32,58.4,51087,36.24,84.21,92.24,507,29.66,967
1543,Nigeria,Central,2008,Lake,Filtration,40,24,46.14,5065,61.6,58.19,95.95,781,1.37,497
1544,Brazil,East,2024,Pond,Boiling,46,32,62.8,79261,1.56,42.55,86.39,2913,17.71,739
1545,Bangladesh,West,2017,Pond,,27,99,41.6,24821,24.35,14.25,26.31,759,22.91,115
1546,China,East,2013,Well,,8,25,16.55,60041,74.49,20.13,69.82,2813,23.55,443
1547,Pakistan,Central,2024,Spring,Chlorination,36,35,10.73,51852,35.57,21.34,26.65,2106,24.75,576
1548,Nigeria,South,2014,Tap,Boiling,26,10,74.96,31123,8.45,32.14,77.07,1595,2.14,146
1549,China,Central,2005,Pond,Chlorination,47,29,25.39,28127,62.66,30.56,35.76,1337,22.32,297
1550,USA,North,2023,Well,Boiling,2,56,85.05,51322,25.01,53.43,94.86,476,22.02,352
1551,Ethiopia,East,2009,Well,,40,96,74.82,46129,70.17,85.53,94.73,661,34.19,361
1552,Bangladesh,South,2014,Spring,Chlorination,48,9,6.85,93746,90.02,78.93,67.57,2869,30.4,578
1553,India,East,2003,Spring,Boiling,27,92,21.72,85784,52.79,50.73,80.21,2238,1.25,621
1554,China,East,2017,Spring,Chlorination,31,24,30.62,84535,59.91,11.38,88.65,2232,22.24,14
1555,USA,West,2017,Tap,Boiling,34,95,60.26,41684,51.44,15.47,51.13,2262,27.64,896
1556,Pakistan,North,2024,Well,Filtration,6,67,81.36,1346,81.74,78.83,66.34,241,23.21,633
1557,Indonesia,East,2016,Lake,Chlorination,6,56,7.91,32892,24.17,32.69,34.08,219,27.05,458
1558,India,Central,2011,Tap,Filtration,20,33,26.46,98386,40.15,35.45,98.84,1239,4.67,507
1559,Indonesia,Central,2006,River,Boiling,31,85,38.87,65301,89.5,21.18,94.35,846,6.77,955
1560,Pakistan,West,2015,Pond,Chlorination,37,76,19.97,80618,72.36,27.85,58.67,806,23.31,616
1561,USA,North,2010,Spring,Boiling,19,53,55.44,55087,32.01,29.78,64.27,2340,32.03,840
1562,Nigeria,North,2013,Well,Boiling,7,50,48.84,54039,83.26,42.97,54.94,2328,1.04,232
1563,Indonesia,Central,2002,Pond,Filtration,3,99,33.02,24531,23.88,59.85,20.13,2137,17.45,707
1564,India,South,2018,Tap,Chlorination,25,5,52.65,92873,63.42,38.25,38.4,2086,39.68,962
1565,Brazil,West,2017,River,,14,58,36.87,7411,95.65,45.99,28.13,1721,30.63,892
1566,Mexico,West,2009,Tap,Boiling,5,53,35.63,43043,57.47,24.55,45.83,857,18.01,146
1567,China,Central,2005,Tap,Filtration,47,16,28.01,94584,79.95,14.51,38.9,2742,3.92,746
1568,Nigeria,Central,2012,Lake,,31,25,54.96,50868,73.54,37.86,80.93,2273,14.37,772
1569,Indonesia,South,2009,Pond,Filtration,4,87,45.52,87526,86.57,15.0,60.38,1932,6.18,876
1570,Ethiopia,South,2017,Lake,Filtration,43,8,21.24,92733,96.88,33.98,85.36,2903,36.83,547
1571,China,North,2019,Tap,Filtration,45,1,3.27,24125,2.23,77.01,70.86,2182,27.43,712
1572,Brazil,West,2015,River,Boiling,5,19,16.79,78948,2.79,39.35,72.5,655,34.23,203
1573,Pakistan,West,2024,Well,,2,90,6.2,75514,59.44,25.46,90.1,1300,35.9,811
1574,Mexico,Central,2024,Well,Boiling,28,5,44.3,61001,95.42,82.17,87.78,513,24.28,346
1575,USA,North,2005,Pond,Boiling,18,90,24.06,33325,48.57,61.15,25.06,551,0.26,15
1576,Brazil,West,2012,Spring,Chlorination,9,87,43.2,75912,83.98,89.06,66.27,2237,22.24,839
1577,Brazil,North,2003,Spring,,6,78,34.29,61332,76.79,34.02,53.05,1122,32.1,872
1578,Pakistan,North,2022,Well,Chlorination,44,54,54.73,82207,49.83,26.03,67.97,1424,12.58,741
1579,Bangladesh,Central,2013,Tap,Filtration,0,47,72.94,1804,51.32,33.84,89.01,2550,37.11,222
1580,Pakistan,North,2000,Tap,,0,57,48.97,51282,43.6,75.0,20.96,526,39.87,596
1581,Bangladesh,South,2019,Lake,,16,96,8.07,53732,25.22,22.12,20.88,322,21.97,946
1582,Bangladesh,South,2004,Pond,Boiling,21,41,3.72,86723,85.87,29.29,25.0,2425,21.25,831
1583,Nigeria,East,2007,Lake,Filtration,35,73,22.9,6503,20.96,66.13,89.99,1525,26.21,514
1584,Nigeria,Central,2011,Spring,Boiling,13,20,43.65,17296,90.69,69.04,48.28,1231,22.65,685
1585,India,East,2001,Well,Chlorination,5,5,6.4,51270,35.97,86.71,49.7,201,6.42,240
1586,Indonesia,South,2011,Tap,Filtration,29,29,34.12,71172,2.65,88.41,47.63,1369,10.84,761
1587,Indonesia,East,2004,Well,Boiling,45,22,88.93,3277,16.84,63.08,38.48,2795,8.07,100
1588,USA,Central,2021,River,Boiling,46,35,10.82,66775,88.78,39.02,23.11,1823,2.89,861
1589,Indonesia,Central,2004,Well,Boiling,32,2,94.95,54551,12.84,46.24,92.52,2878,5.62,634
1590,Nigeria,North,2012,River,Filtration,19,89,85.95,95126,73.88,45.14,38.63,2729,38.89,349
1591,India,West,2008,Lake,Chlorination,15,33,83.51,27324,18.28,40.99,91.52,1265,22.2,651
1592,India,North,2009,Lake,,3,29,86.64,40853,49.89,37.06,96.46,1581,5.04,622
1593,Bangladesh,Central,2000,Spring,Boiling,33,81,9.84,47021,20.52,23.43,66.13,1874,28.52,548
1594,Pakistan,South,2002,Well,Filtration,0,80,16.81,29158,33.32,39.29,49.78,2818,19.07,539
1595,USA,South,2017,Well,,12,41,15.17,71657,12.48,87.54,81.26,2939,8.99,726
1596,Bangladesh,North,2011,River,Boiling,47,20,12.9,32325,55.6,80.57,22.03,1937,37.74,219
1597,Pakistan,Central,2002,Lake,Filtration,7,87,34.12,24691,36.58,59.39,94.31,2468,8.98,389
1598,Indonesia,South,2024,River,Chlorination,21,3,83.36,12867,36.55,25.42,52.63,2296,3.9,20
1599,Bangladesh,Central,2008,Lake,Boiling,3,48,26.69,88752,3.86,80.29,44.69,1151,8.23,983
1600,China,South,2001,River,Filtration,33,47,25.93,2003,13.61,34.95,30.15,559,36.48,949
1601,Indonesia,Central,2002,Lake,Boiling,44,88,68.24,52879,70.75,53.66,96.41,951,34.31,525
1602,Pakistan,East,2013,River,Filtration,36,50,11.5,1327,29.23,82.94,84.88,839,35.77,624
1603,USA,Central,2003,Lake,Chlorination,22,23,37.31,20115,44.21,36.78,77.92,2065,36.65,726
1604,Pakistan,Central,2024,Pond,Chlorination,19,45,30.95,81125,76.31,83.07,94.48,2340,3.1,604
1605,Bangladesh,North,2018,River,Filtration,23,26,85.04,52525,44.48,28.81,96.79,2938,28.45,564
1606,Bangladesh,East,2012,Well,,26,94,52.42,10309,22.56,84.3,41.48,1707,26.58,773
1607,Brazil,West,2006,Spring,Chlorination,12,50,65.35,79391,54.98,38.69,82.92,2786,39.72,560
1608,USA,North,2011,Pond,Boiling,4,98,14.65,88272,80.12,39.97,81.36,2886,28.59,836
1609,Ethiopia,West,2002,Pond,Chlorination,15,19,93.03,14447,59.96,54.24,64.59,297,31.68,674
1610,Indonesia,South,2022,River,Boiling,37,79,33.6,91121,42.02,37.76,32.03,1531,28.6,856
1611,India,West,2022,Spring,Chlorination,47,94,71.27,6132,12.56,46.0,95.23,617,24.82,764
1612,USA,Central,2008,Well,Chlorination,28,70,95.55,9386,24.87,50.11,45.23,2151,22.12,93
1613,India,West,2001,Pond,Boiling,25,17,51.85,20900,94.61,49.28,66.31,499,38.77,346
1614,USA,North,2021,Well,Chlorination,21,7,51.74,30292,77.18,86.89,21.55,2123,37.45,64
1615,USA,North,2008,Lake,Boiling,23,26,13.49,96086,8.76,32.54,54.33,759,17.51,330
1616,Pakistan,West,2011,Spring,Boiling,12,13,40.25,63914,0.55,32.77,69.35,983,11.37,102
1617,USA,North,2011,Tap,Chlorination,42,17,85.54,22508,17.54,77.03,50.48,2357,20.36,117
1618,Brazil,North,2014,Lake,Chlorination,20,64,15.24,82318,94.39,41.36,58.17,2066,29.84,860
1619,Ethiopia,West,2001,Spring,Boiling,0,30,91.92,6023,58.0,15.86,35.36,726,16.04,359
1620,Bangladesh,East,2017,River,Filtration,3,19,67.4,9938,83.87,48.5,48.02,2751,21.49,418
1621,Mexico,East,2012,River,Chlorination,2,69,43.25,19491,46.52,54.02,77.87,1325,11.95,741
1622,India,South,2013,Well,,49,44,55.56,48659,82.66,59.42,97.58,2853,17.11,558
1623,Bangladesh,North,2004,Pond,Chlorination,22,0,16.75,33259,3.39,28.81,57.5,1407,38.29,755
1624,Mexico,West,2009,Tap,Filtration,15,18,23.31,62428,42.68,87.86,74.88,418,8.59,643
1625,Ethiopia,North,2011,River,Filtration,44,38,30.07,66323,37.76,68.96,98.1,2376,39.55,596
1626,Ethiopia,Central,2009,Spring,Chlorination,12,26,39.71,16296,98.15,67.61,81.98,1888,8.62,217
1627,India,North,2023,Pond,Chlorination,38,55,91.72,70568,30.05,79.83,20.81,803,12.77,859
1628,India,North,2010,Pond,,30,15,38.02,43637,41.69,12.09,94.84,754,3.49,498
1629,Ethiopia,East,2024,Spring,Chlorination,23,77,53.34,33708,75.88,59.05,89.33,681,30.08,831
1630,Mexico,West,2001,Pond,Filtration,46,97,17.88,22496,88.07,75.43,41.69,2495,0.71,82
1631,USA,North,2004,River,,14,6,74.13,5385,87.84,12.75,34.52,1143,31.51,933
1632,Indonesia,East,2006,Spring,Chlorination,4,19,56.91,87512,39.45,70.49,91.94,1291,23.09,100
1633,China,South,2005,Spring,,48,30,45.11,7364,94.86,89.18,75.1,1943,29.95,887
1634,Bangladesh,East,2021,Well,,21,85,94.82,56659,65.35,57.47,38.96,1940,31.32,829
1635,Pakistan,East,2022,Tap,Filtration,21,83,89.28,15065,85.11,43.98,77.11,1880,4.98,457
1636,Bangladesh,East,2002,Well,Filtration,10,78,66.63,93124,92.63,46.29,68.02,291,0.86,815
1637,Pakistan,North,2012,Tap,Boiling,23,24,92.34,66221,23.36,64.36,44.74,1873,6.75,821
1638,Mexico,North,2002,Spring,Filtration,44,0,57.35,86677,49.92,55.6,64.54,1718,15.36,864
1639,Pakistan,South,2024,Pond,Boiling,9,16,83.04,93882,58.78,73.01,62.18,2776,2.93,244
1640,India,Central,2023,Tap,Filtration,46,79,42.13,16848,80.24,43.73,60.78,1615,18.27,839
1641,Indonesia,Central,2020,Spring,Filtration,33,84,10.5,36811,40.12,43.39,61.39,713,11.4,735
1642,Indonesia,Central,2005,Spring,Boiling,10,26,99.43,38154,21.04,69.68,20.03,639,14.55,589
1643,India,South,2010,Well,Boiling,42,98,18.23,93674,74.32,61.64,41.49,1985,37.61,233
1644,Brazil,Central,2016,Well,Boiling,28,23,26.65,27654,59.23,72.25,54.47,1032,28.97,225
1645,Mexico,Central,2009,Pond,,21,61,17.98,99948,89.83,80.97,30.18,638,26.33,175
1646,Brazil,East,2011,Lake,Boiling,32,51,35.07,21048,65.5,31.07,79.93,2878,26.14,443
1647,Brazil,North,2016,River,,7,50,30.35,31512,1.68,35.2,87.75,1420,22.22,70
1648,Bangladesh,North,2003,Lake,,48,65,60.91,63690,96.67,52.16,85.42,1578,20.52,805
1649,Ethiopia,East,2001,Lake,Boiling,31,56,99.65,66670,59.31,84.44,56.77,1330,35.29,79
1650,Bangladesh,East,2010,Pond,Boiling,39,54,7.15,8077,59.59,76.78,75.26,828,3.0,874
1651,Ethiopia,East,2006,Tap,Boiling,44,52,78.29,18187,90.93,47.48,26.15,341,11.54,552
1652,China,North,2001,Pond,Filtration,22,88,14.54,82952,66.38,55.85,35.95,2065,4.17,194
1653,Pakistan,Central,2017,Pond,Filtration,4,18,3.94,96340,47.93,66.98,23.76,1757,0.44,136
1654,Ethiopia,East,2020,Spring,Boiling,30,12,64.58,59725,10.73,51.81,97.24,904,0.55,659
1655,India,South,2003,Spring,Chlorination,28,28,87.58,19581,96.22,17.88,65.95,1123,0.96,149
1656,Bangladesh,East,2007,Spring,Boiling,5,95,19.28,31120,7.85,38.22,34.02,1565,27.27,272
1657,Mexico,West,2019,River,Chlorination,24,5,35.48,66988,17.03,13.81,76.6,2535,4.46,609
1658,Pakistan,East,2013,Tap,Filtration,24,72,18.54,36073,81.95,63.59,59.13,2514,8.1,165
1659,China,North,2011,Tap,Filtration,30,0,90.84,90006,49.04,36.97,54.74,2145,16.76,340
1660,Ethiopia,East,2021,Spring,Chlorination,13,23,28.5,47631,17.83,69.07,93.08,1755,10.77,489
1661,China,West,2020,Lake,Filtration,16,73,45.58,95135,28.62,44.38,76.66,2075,32.67,797
1662,Mexico,South,2017,River,Boiling,15,98,89.68,93434,99.4,13.65,75.25,2472,24.94,641
1663,Brazil,Central,2010,Lake,Chlorination,27,5,56.18,26055,58.4,40.37,27.78,1164,13.33,997
1664,Indonesia,East,2007,Well,Chlorination,8,47,93.42,4630,40.16,27.5,27.36,2416,12.71,330
1665,Mexico,West,2001,Tap,,1,19,92.79,65615,87.62,27.14,73.15,522,27.35,932
1666,Nigeria,West,2024,Tap,Filtration,3,75,47.24,24826,47.97,40.21,32.52,1923,6.83,921
1667,Mexico,South,2014,Lake,Chlorination,19,66,59.07,53193,30.79,88.27,56.26,2217,11.22,173
1668,China,North,2008,River,Chlorination,40,54,24.57,44033,16.42,86.81,65.58,294,14.14,335
1669,India,East,2018,Tap,Chlorination,35,17,99.07,3886,74.45,74.28,51.05,561,18.19,147
1670,Bangladesh,West,2019,Lake,Filtration,36,20,29.28,44337,59.62,29.64,26.81,1829,7.62,752
1671,India,South,2007,Pond,Chlorination,5,98,78.76,43197,9.24,71.11,79.47,1789,6.29,821
1672,China,Central,2024,Pond,Chlorination,0,63,32.67,27499,59.16,11.23,90.8,2004,39.6,924
1673,Bangladesh,West,2018,River,Boiling,44,36,32.68,16649,15.95,14.51,32.93,2024,36.53,211
1674,Nigeria,South,2004,Lake,Boiling,49,18,12.18,60547,98.17,76.86,88.33,869,20.94,99
1675,Indonesia,North,2010,Pond,,2,88,56.87,97622,25.97,55.14,83.1,2758,30.62,754
1676,Pakistan,North,2014,River,Chlorination,36,55,25.99,79330,69.6,39.86,65.11,2514,26.96,458
1677,China,West,2007,Spring,Filtration,44,61,16.54,11227,65.6,69.24,67.69,2012,3.0,595
1678,Ethiopia,West,2018,River,,41,17,24.21,72126,69.14,19.15,72.13,999,20.72,455
1679,China,East,2022,Well,,2,29,26.61,71531,43.0,32.93,61.98,332,7.36,810
1680,China,South,2007,Spring,,42,55,51.4,52052,7.43,68.21,87.55,2596,23.36,995
1681,Bangladesh,West,2018,Lake,Chlorination,32,41,39.82,95061,98.0,26.57,57.93,746,2.47,491
1682,USA,East,2017,Spring,,14,52,9.4,12647,19.15,58.05,63.76,962,6.52,686
1683,Mexico,East,2009,Spring,Filtration,3,97,54.53,69588,76.97,45.81,22.94,1782,31.27,890
1684,USA,West,2006,Lake,Boiling,14,73,79.2,17862,13.76,26.19,34.41,2515,33.73,662
1685,Nigeria,North,2008,Lake,Boiling,6,85,58.28,39815,28.12,81.07,92.3,2028,36.3,367
1686,Ethiopia,South,2000,Pond,Chlorination,46,49,97.5,87933,55.99,44.84,29.73,1205,35.87,871
1687,Indonesia,South,2018,Well,Filtration,3,3,11.72,25478,41.35,57.91,92.32,1267,36.28,609
1688,Brazil,North,2004,Lake,Filtration,2,62,82.47,11496,95.83,30.24,70.87,1501,3.79,875
1689,Nigeria,West,2018,Tap,Filtration,22,66,51.56,18398,84.77,37.74,93.61,1362,26.38,814
1690,Brazil,South,2000,Tap,Chlorination,13,55,53.12,75775,92.18,13.92,85.14,2078,28.04,28
1691,Brazil,West,2014,Well,Filtration,5,48,52.87,17277,64.07,48.66,89.22,1534,10.73,843
1692,Indonesia,West,2015,River,Boiling,32,91,33.88,13797,21.89,37.59,61.95,465,39.72,39
1693,India,East,2022,River,Filtration,8,21,33.81,67779,51.85,36.35,86.02,2417,11.43,223
1694,USA,North,2006,Tap,Filtration,11,11,63.92,14036,76.55,81.2,56.84,1439,23.0,425
1695,China,West,2011,Lake,Chlorination,49,48,6.39,71472,6.47,66.31,23.53,316,34.89,938
1696,Pakistan,Central,2007,Well,,34,12,59.7,31089,86.31,46.58,72.11,2174,11.57,773
1697,Brazil,North,2004,River,,30,32,73.01,921,63.14,25.63,78.28,2681,24.26,177
1698,Ethiopia,South,2009,River,Chlorination,2,46,36.92,55849,72.36,87.86,28.12,1639,28.8,664
1699,Nigeria,East,2020,Spring,Chlorination,45,63,23.3,54944,69.43,15.98,85.27,287,25.07,719
1700,India,South,2004,Tap,Chlorination,35,82,22.91,47850,84.78,20.89,26.01,433,16.24,365
1701,Brazil,South,2016,Lake,Chlorination,12,16,10.02,7308,8.75,31.63,55.33,808,37.79,373
1702,India,North,2004,Well,Filtration,12,33,10.79,37981,37.7,86.36,59.03,729,24.49,345
1703,India,South,2021,River,Filtration,33,67,18.34,37044,50.26,32.31,22.94,2076,8.97,94
1704,Brazil,West,2014,Spring,,20,38,3.88,86810,54.66,49.31,25.26,1858,32.25,875
1705,Bangladesh,South,2012,Tap,Chlorination,33,71,28.09,89148,94.26,70.89,56.05,437,26.24,113
1706,Mexico,East,2000,Tap,Chlorination,41,96,32.03,89630,4.25,84.33,44.9,2611,4.38,127
1707,Ethiopia,East,2010,Well,Filtration,42,0,99.53,90805,86.64,58.41,85.27,608,11.13,47
1708,China,Central,2022,River,Chlorination,27,4,99.19,78634,55.19,40.74,53.11,1510,6.33,492
1709,China,East,2000,Well,Boiling,46,95,20.33,95327,55.46,88.84,28.44,1202,2.91,490
1710,Ethiopia,South,2010,Well,Filtration,34,39,22.88,29094,32.03,12.09,32.63,2203,9.21,145
1711,Bangladesh,East,2017,Pond,Boiling,13,62,50.21,15480,64.36,76.57,73.88,417,11.13,85
1712,China,North,2017,Spring,Filtration,17,0,16.58,49901,64.64,32.19,96.01,2650,18.66,304
1713,India,East,2020,Tap,Filtration,18,34,51.4,93441,18.93,75.4,89.57,2592,38.77,325
1714,Indonesia,West,2015,Pond,Filtration,18,85,41.14,38319,67.7,22.97,30.36,2731,37.73,506
1715,Nigeria,North,2012,Lake,,32,92,33.81,65626,26.67,37.75,21.31,312,30.15,965
1716,USA,Central,2006,Tap,,34,16,82.62,39379,68.88,14.48,22.12,1241,25.86,630
1717,China,West,2000,Tap,Filtration,19,93,83.16,4891,61.19,25.97,64.39,2466,37.89,577
1718,Ethiopia,South,2015,Spring,Filtration,28,98,98.81,90849,71.6,58.22,58.87,360,5.7,27
1719,Indonesia,South,2000,Lake,Filtration,7,59,23.86,86140,1.97,70.92,21.07,1293,13.21,900
1720,Brazil,South,2016,River,Filtration,24,0,89.05,20893,12.54,82.9,24.57,1230,22.13,441
1721,Mexico,West,2005,Lake,Chlorination,16,3,54.71,70941,84.02,19.57,99.98,1224,32.56,625
1722,Ethiopia,West,2001,River,Chlorination,0,8,59.96,52236,38.07,21.25,97.2,2346,24.95,158
1723,India,West,2016,Lake,Chlorination,37,44,89.84,51417,83.67,85.1,30.14,2846,32.35,449
1724,Mexico,North,2005,Well,,48,31,94.38,66026,6.27,71.28,33.13,1815,6.12,228
1725,Nigeria,North,2013,Lake,Boiling,29,68,73.23,64243,76.94,53.18,92.01,514,7.71,917
1726,Nigeria,South,2017,Pond,Filtration,27,13,36.09,58986,8.38,48.14,60.6,1257,29.62,15
1727,Bangladesh,East,2005,Pond,Chlorination,32,50,49.99,67150,46.83,22.62,96.64,425,13.93,680
1728,Pakistan,South,2009,Spring,Chlorination,12,89,62.28,92831,93.76,40.34,61.63,678,17.44,619
1729,Bangladesh,Central,2023,River,Chlorination,23,22,83.21,13510,7.77,39.81,66.18,2738,31.67,848
1730,Indonesia,North,2017,Tap,Filtration,43,45,66.48,50791,35.07,61.87,37.61,422,2.8,904
1731,Mexico,West,2008,Spring,Filtration,36,85,37.81,8467,51.83,57.91,90.09,1915,6.72,260
1732,Pakistan,North,2007,Pond,Boiling,21,26,42.95,88073,89.95,14.78,86.0,2130,11.83,70
1733,Brazil,West,2009,Pond,,12,88,6.94,43436,33.26,77.88,46.99,719,35.34,488
1734,India,Central,2016,River,Boiling,39,35,92.58,48192,80.7,85.0,68.99,2490,16.2,895
1735,Mexico,Central,2022,Pond,Filtration,11,67,10.64,34413,71.82,72.42,47.32,287,10.08,77
1736,Bangladesh,North,2005,Pond,Boiling,40,31,58.83,67663,30.71,24.27,57.12,1182,27.14,450
1737,USA,West,2013,River,Chlorination,48,72,87.42,10550,34.08,23.77,88.28,679,1.21,262
1738,Pakistan,Central,2021,Pond,Boiling,45,65,43.24,75710,19.1,68.09,53.23,508,31.0,838
1739,Pakistan,South,2021,Tap,Chlorination,6,41,80.41,88181,69.3,45.27,87.25,2902,27.92,893
1740,India,South,2005,Well,Boiling,35,49,80.77,59365,56.31,72.3,96.81,739,2.2,633
1741,China,West,2006,Spring,Chlorination,28,56,7.86,14764,15.5,16.04,53.31,1691,19.92,538
1742,Nigeria,North,2011,Tap,Boiling,28,63,42.39,54507,62.01,67.31,90.2,289,16.17,678
1743,Nigeria,Central,2002,Tap,,25,45,69.72,93804,49.86,43.93,44.32,1209,6.33,76
1744,USA,North,2013,Well,Boiling,26,88,43.39,87740,9.26,12.48,20.23,2560,6.16,836
1745,Indonesia,South,2021,Spring,Filtration,23,73,55.43,32461,95.37,53.61,26.76,379,6.41,993
1746,Indonesia,Central,2018,Tap,Filtration,30,88,60.26,50226,83.48,65.92,78.97,748,23.99,524
1747,Brazil,North,2022,Pond,Chlorination,6,53,16.82,16259,7.1,52.26,28.01,201,6.84,887
1748,Mexico,East,2015,Well,Filtration,16,52,42.37,6004,93.13,19.83,95.13,1257,2.38,624
1749,Ethiopia,West,2006,Spring,Chlorination,48,28,4.79,96819,91.67,75.27,89.33,1537,38.3,164
1750,China,West,2007,Lake,,32,36,16.66,64199,4.22,35.37,61.19,2473,1.57,522
1751,Bangladesh,East,2017,River,Filtration,33,68,52.2,47672,20.15,83.72,66.52,563,26.56,344
1752,Ethiopia,South,2024,Pond,Filtration,17,13,58.21,95855,70.24,82.55,75.55,1730,37.44,855
1753,Ethiopia,Central,2012,Well,Chlorination,40,96,16.33,62316,93.46,26.03,78.52,1149,1.52,397
1754,Pakistan,West,2020,River,,4,26,76.05,65307,82.31,48.11,59.3,315,38.63,13
1755,USA,East,2008,Lake,,0,4,38.55,22361,28.19,20.99,45.07,2361,20.09,994
1756,Nigeria,East,2009,Tap,Boiling,6,43,92.22,65652,3.34,64.22,92.82,1765,31.4,389
1757,Brazil,South,2020,Tap,Chlorination,33,14,39.99,22789,47.29,78.15,23.73,794,25.0,724
1758,Indonesia,South,2022,Spring,Chlorination,2,66,16.68,51767,9.2,61.87,48.49,2726,24.67,42
1759,USA,North,2008,Well,,35,0,76.28,89857,24.53,30.84,73.32,2967,31.55,20
1760,Pakistan,West,2014,Well,Chlorination,34,23,57.64,12771,64.01,16.11,91.29,2354,2.62,725
1761,Bangladesh,North,2019,Spring,Filtration,11,75,39.9,58004,49.5,15.54,25.94,2562,15.7,728
1762,Brazil,East,2001,River,Filtration,14,61,36.88,73229,37.67,58.87,72.72,2111,38.78,518
1763,Pakistan,Central,2024,Tap,Filtration,3,77,16.78,42218,93.0,86.27,58.97,1375,2.18,194
1764,Nigeria,Central,2012,Tap,Chlorination,32,56,35.4,33207,19.3,65.62,74.92,2134,10.51,163
1765,Nigeria,South,2001,Well,Boiling,15,19,4.88,49073,48.75,68.45,45.38,2322,26.88,865
1766,Nigeria,Central,2018,Well,Boiling,28,57,51.24,9521,57.35,36.34,76.86,2929,4.02,888
1767,USA,Central,2001,Spring,,5,13,89.88,9540,32.19,56.88,34.42,386,21.47,931
1768,USA,Central,2002,Lake,Chlorination,48,77,79.94,73935,70.53,35.33,82.03,2586,28.53,703
1769,Indonesia,East,2005,River,,36,52,4.8,27052,86.73,82.13,79.95,2046,30.3,521
1770,Indonesia,Central,2002,Pond,Chlorination,22,34,88.36,4844,54.15,20.6,95.74,1612,22.45,676
1771,Bangladesh,Central,2009,Lake,Boiling,12,61,46.33,79438,78.13,60.56,33.86,1024,20.03,237
1772,Brazil,Central,2023,Lake,Filtration,43,60,20.71,7703,6.1,68.47,77.76,252,28.56,484
1773,India,North,2005,Well,Chlorination,0,18,75.74,79354,15.38,65.88,45.81,456,5.8,111
1774,India,East,2022,Well,Boiling,11,83,33.64,5940,46.2,30.59,42.55,1795,27.22,703
1775,Pakistan,South,2015,Well,Boiling,26,41,26.83,43709,92.1,48.88,52.13,2293,36.77,267
1776,Nigeria,North,2016,Lake,Boiling,24,43,17.81,3392,53.16,63.07,42.82,214,27.31,992
1777,Brazil,West,2018,River,Filtration,21,86,49.69,86044,43.23,84.48,39.86,2875,1.86,786
1778,Ethiopia,East,2002,Well,Boiling,33,97,11.15,7187,60.01,49.97,81.47,211,20.24,81
1779,USA,East,2017,Tap,,17,0,78.99,24307,12.45,34.04,75.96,2248,29.05,508
1780,Mexico,West,2006,River,Boiling,40,67,48.13,81425,65.37,40.92,28.75,2324,1.73,369
1781,China,West,2008,Tap,Boiling,15,80,45.8,30652,9.4,53.31,64.81,741,30.49,893
1782,Bangladesh,West,2019,River,Chlorination,28,89,2.18,26375,57.68,88.11,46.48,1195,11.26,841
1783,Nigeria,South,2011,Well,Chlorination,29,77,82.15,96588,71.44,60.27,97.68,249,23.55,250
1784,Nigeria,Central,2004,Pond,Chlorination,29,45,50.3,35439,41.15,22.38,54.0,1865,38.65,124
1785,Nigeria,East,2002,Spring,Boiling,19,50,45.11,29439,91.09,77.45,23.25,1229,39.8,586
1786,USA,Central,2010,Well,Boiling,46,31,76.62,8969,15.2,24.52,46.54,2322,25.38,798
1787,USA,Central,2024,Lake,,21,99,8.16,83443,17.1,13.1,45.02,545,19.66,419
1788,China,West,2003,Pond,Filtration,41,83,37.93,62015,51.69,18.02,20.45,2580,7.11,664
1789,Ethiopia,South,2004,Lake,Boiling,33,79,58.42,70657,93.17,72.89,59.02,2925,8.33,436
1790,Brazil,North,2000,River,Filtration,3,18,47.14,78941,39.07,82.15,92.46,2515,17.17,738
1791,Nigeria,South,2017,Lake,Boiling,49,38,19.8,91811,92.64,31.46,84.19,1703,28.09,688
1792,India,Central,2011,Pond,Filtration,30,87,31.33,84137,69.35,49.85,74.77,1531,30.77,537
1793,Indonesia,South,2012,Pond,Chlorination,49,13,31.42,56855,78.26,57.78,47.48,1940,8.88,556
1794,India,West,2008,Well,Boiling,13,28,99.21,51632,93.79,43.5,38.56,2846,21.42,800
1795,Pakistan,North,2001,Tap,,7,41,33.97,99073,57.23,15.23,47.41,811,23.66,149
1796,India,West,2004,Well,Filtration,36,13,22.11,53749,64.17,14.53,29.84,2945,35.72,961
1797,Pakistan,North,2012,River,Chlorination,4,10,82.62,63219,57.9,45.23,27.96,1445,35.06,761
1798,Mexico,Central,2015,Lake,,7,74,43.27,19504,78.49,73.83,65.96,2525,32.7,317
1799,Indonesia,North,2015,Tap,Chlorination,10,46,45.5,91998,27.34,16.77,85.12,884,20.67,796
1800,India,North,2023,Spring,Boiling,28,23,55.79,71262,78.8,26.45,27.95,2565,2.6,875
1801,Mexico,North,2002,Pond,,20,21,60.38,5753,71.35,31.58,46.81,342,13.38,967
1802,Bangladesh,South,2021,Tap,Filtration,38,48,59.87,9226,60.21,54.73,29.82,2149,24.87,401
1803,Brazil,South,2003,Tap,Filtration,12,54,5.38,59452,3.88,13.46,44.84,353,25.5,636
1804,Mexico,Central,2010,Well,,48,54,82.25,89615,77.45,78.8,86.42,577,33.96,96
1805,Brazil,North,2022,Spring,Filtration,18,84,21.1,87052,13.24,47.66,22.79,1830,15.18,148
1806,India,East,2013,Pond,Chlorination,2,69,30.65,60758,96.2,48.82,71.78,733,37.46,388
1807,Ethiopia,Central,2002,River,,33,77,19.0,40500,8.15,36.12,24.79,2884,6.53,52
1808,Mexico,North,2015,River,Filtration,37,72,77.17,46773,72.03,26.96,54.12,2228,1.99,875
1809,Indonesia,North,2021,Tap,Chlorination,18,34,59.2,97986,36.04,39.09,57.92,892,7.07,78
1810,India,South,2014,Tap,Filtration,31,43,76.02,48926,73.57,83.07,52.12,2090,18.49,686
1811,Nigeria,Central,2009,Lake,Chlorination,46,35,66.03,30235,51.9,17.54,70.99,986,32.92,162
1812,USA,North,2008,Spring,Boiling,35,88,12.21,66058,62.95,14.86,97.89,2409,6.15,481
1813,Mexico,North,2010,Pond,Chlorination,38,14,31.55,42148,7.54,19.16,41.38,665,21.93,673
1814,Indonesia,Central,2015,Tap,Filtration,13,44,51.71,33019,96.65,72.16,68.78,2525,31.06,627
1815,Bangladesh,East,2009,Lake,Chlorination,6,61,31.88,1786,0.38,13.87,48.4,2719,1.39,299
1816,Nigeria,Central,2016,Spring,Filtration,19,91,22.32,69896,94.12,36.65,99.96,340,1.66,504
1817,Bangladesh,Central,2018,Pond,,31,49,87.24,76310,56.83,43.99,96.08,1927,19.62,859
1818,India,East,2001,River,,45,77,75.28,11226,25.83,50.57,27.47,2191,7.31,917
1819,USA,Central,2023,Lake,Boiling,30,12,35.83,62040,63.77,10.26,97.89,1009,18.02,947
1820,Mexico,North,2022,Spring,Chlorination,21,30,76.97,95318,67.29,48.94,79.06,1470,1.76,880
1821,Mexico,Central,2001,Lake,Boiling,4,4,63.5,95813,73.03,25.59,99.39,902,39.07,600
1822,Ethiopia,East,2005,Tap,,30,82,2.37,26416,1.64,17.83,81.68,369,26.17,120
1823,Ethiopia,West,2018,Well,Chlorination,14,7,39.27,80326,98.28,52.66,30.31,2466,27.47,277
1824,India,Central,2007,River,Chlorination,43,12,30.47,2877,61.79,69.53,80.04,2281,20.39,422
1825,India,South,2002,Tap,Boiling,16,40,23.36,25271,37.75,84.78,78.13,2532,33.0,486
1826,USA,North,2013,Tap,Boiling,36,16,26.66,93073,57.07,83.01,33.34,1633,33.34,669
1827,Ethiopia,North,2024,Spring,Chlorination,18,31,94.35,49504,17.84,41.92,80.25,1630,6.36,344
1828,Indonesia,South,2015,Lake,Chlorination,9,4,49.66,55280,24.73,66.32,73.98,1259,30.74,396
1829,Indonesia,South,2000,River,Chlorination,43,8,85.08,75732,8.58,65.65,99.56,464,22.67,345
1830,USA,Central,2020,Tap,Boiling,33,33,22.99,51767,87.92,42.97,69.5,1052,30.5,838
1831,Indonesia,South,2002,Spring,Filtration,48,0,19.09,22302,25.16,17.86,53.17,1963,36.75,476
1832,Pakistan,West,2021,River,,24,39,89.1,85338,73.97,40.56,96.31,206,13.4,592
1833,Brazil,East,2017,Lake,,36,78,50.58,45484,27.42,89.39,70.23,222,22.84,250
1834,USA,South,2008,Tap,Boiling,27,53,89.72,25946,14.6,54.4,47.89,1639,31.5,237
1835,USA,South,2005,Pond,Chlorination,14,31,8.18,31360,10.81,37.31,21.68,2782,39.47,671
1836,China,West,2022,Tap,,19,97,91.81,90796,86.02,69.51,80.53,2316,24.5,984
1837,Nigeria,North,2020,Tap,,12,98,42.71,75917,11.97,64.91,29.56,212,28.85,82
1838,Nigeria,North,2024,River,,19,49,17.23,83632,8.71,56.3,93.89,1983,33.85,538
1839,Pakistan,Central,2000,River,,42,58,68.97,12337,0.94,60.99,96.91,2505,30.05,106
1840,Ethiopia,West,2020,River,Chlorination,30,91,80.1,62982,36.64,56.8,38.91,2967,37.69,267
1841,India,East,2009,River,Boiling,17,80,6.64,39492,94.27,86.5,29.02,1147,9.19,272
1842,India,East,2005,Spring,Chlorination,40,61,98.75,9189,90.86,50.73,67.63,2045,36.31,232
1843,Bangladesh,West,2022,Well,Chlorination,47,10,70.31,2065,11.51,57.22,37.1,1251,8.28,535
1844,Pakistan,East,2011,Spring,,27,22,33.5,25293,1.25,47.73,63.35,2892,22.61,494
1845,USA,North,2003,Tap,,46,25,16.83,5120,75.1,58.02,53.14,2067,20.92,269
1846,Pakistan,East,2012,Spring,Chlorination,3,62,40.47,65700,30.65,81.27,83.36,613,33.25,694
1847,Pakistan,East,2016,Lake,Chlorination,23,45,23.62,26437,83.47,37.18,99.99,2010,15.94,200
1848,Pakistan,West,2007,Pond,Chlorination,43,68,50.43,83925,21.54,49.67,56.54,1327,5.73,275
1849,Nigeria,West,2019,River,Filtration,44,89,78.63,88742,49.22,45.89,74.8,2912,28.27,566
1850,Pakistan,East,2002,Lake,,8,5,66.69,59900,3.29,41.84,47.34,2983,24.27,991
1851,Brazil,South,2011,Pond,Boiling,46,50,44.72,45777,89.47,75.68,89.0,639,33.08,225
1852,India,West,2006,Lake,Boiling,49,42,13.66,25872,17.8,28.56,22.96,2006,30.35,309
1853,Bangladesh,Central,2011,Tap,Boiling,31,97,95.8,5456,29.47,49.99,59.48,308,35.79,704
1854,Brazil,Central,2001,River,Filtration,31,41,28.5,61894,47.97,83.97,34.14,2677,33.56,155
1855,Bangladesh,North,2023,Lake,Filtration,38,12,29.23,12411,27.13,22.9,34.15,1644,27.44,532
1856,China,East,2013,Tap,Boiling,20,24,65.26,81732,4.02,10.37,62.64,2593,18.63,763
1857,Bangladesh,South,2021,River,Boiling,43,1,77.51,51903,2.91,31.22,44.62,580,0.81,191
1858,India,North,2022,Well,Boiling,41,13,98.45,7170,95.52,83.78,56.72,1727,12.3,501
1859,India,East,2004,Tap,Chlorination,38,16,96.98,60344,32.55,17.01,44.45,1795,29.1,138
1860,Pakistan,West,2008,Spring,,45,39,91.55,63637,33.44,20.97,56.41,2821,2.38,574
1861,Mexico,Central,2020,River,Filtration,26,38,44.66,98727,92.29,35.63,42.87,1766,30.26,873
1862,China,South,2010,Lake,Filtration,46,24,18.33,23973,83.62,71.58,84.28,2405,20.66,729
1863,USA,Central,2004,Pond,Chlorination,35,90,59.28,47798,68.69,70.1,64.63,1582,34.71,727
1864,Indonesia,West,2002,Lake,Filtration,7,47,3.69,21845,65.85,16.97,32.91,822,26.39,42
1865,Bangladesh,East,2016,Spring,Boiling,18,87,21.23,26108,80.11,84.71,20.68,749,31.94,400
1866,Mexico,West,2001,Spring,Filtration,28,48,2.25,45304,16.89,29.11,21.4,2971,6.86,92
1867,Pakistan,West,2023,Lake,Chlorination,18,32,19.69,10786,66.43,32.45,53.74,1626,6.92,34
1868,Nigeria,Central,2000,Pond,,4,26,48.53,79136,9.84,40.91,45.13,2896,8.44,462
1869,USA,South,2006,River,Boiling,21,44,40.55,17372,12.65,60.76,40.97,2151,13.33,442
1870,Ethiopia,West,2013,Tap,Filtration,34,30,38.19,42805,24.28,51.7,69.83,2917,36.18,83
1871,Mexico,Central,2004,Spring,Boiling,9,62,83.43,42250,70.98,84.29,85.06,333,30.97,653
1872,Nigeria,South,2018,Spring,,14,37,68.15,89685,89.25,55.17,25.07,900,14.59,673
1873,China,East,2010,Spring,Filtration,1,78,93.77,44976,69.08,78.56,28.8,1900,36.74,439
1874,Pakistan,East,2022,Pond,Boiling,41,39,45.64,45648,41.66,16.26,49.5,2838,31.16,512
1875,USA,North,2024,Well,Chlorination,21,57,28.68,92446,51.37,78.47,55.32,1475,26.24,975
1876,USA,Central,2001,Pond,Chlorination,47,64,14.02,89142,71.23,25.82,51.62,2190,17.46,898
1877,USA,South,2007,River,,34,10,67.86,78461,61.33,39.0,71.09,405,26.07,517
1878,China,West,2008,River,,38,14,84.49,94067,52.95,35.59,26.98,2395,23.73,405
1879,Bangladesh,East,2002,River,,18,96,20.01,54059,23.68,36.98,59.58,707,31.27,711
1880,Ethiopia,South,2001,River,Filtration,46,56,88.12,72469,61.7,83.49,84.94,729,9.02,861
1881,China,Central,2006,River,,11,95,53.58,80436,1.87,45.33,94.28,2438,35.42,227
1882,Indonesia,North,2004,Lake,Filtration,33,24,16.12,73977,56.01,31.44,64.83,2180,23.67,469
1883,Ethiopia,East,2020,Spring,Boiling,44,38,65.0,85689,82.07,33.55,31.07,605,32.27,327
1884,India,South,2004,Pond,Chlorination,19,32,52.97,20483,17.98,74.27,78.2,287,13.89,746
1885,Pakistan,South,2019,Lake,Boiling,6,28,4.76,46516,11.42,53.13,83.71,806,15.68,327
1886,China,South,2012,Pond,Chlorination,23,57,41.13,16760,97.02,45.96,35.7,1656,37.49,597
1887,Nigeria,Central,2020,Well,,2,97,78.91,88076,84.35,84.15,74.2,473,24.88,451
1888,Ethiopia,Central,2019,Tap,Boiling,5,71,56.43,34541,30.2,84.4,94.44,260,12.71,175
1889,Indonesia,Central,2005,Spring,Boiling,32,10,29.64,66574,20.86,70.49,77.51,281,3.29,461
1890,India,West,2019,Well,,33,12,93.01,45213,33.4,51.44,53.25,1301,17.37,154
1891,Bangladesh,South,2017,Lake,Boiling,32,68,25.3,70248,43.12,19.33,55.42,1544,33.96,531
1892,Nigeria,East,2024,Tap,Filtration,28,82,26.77,85359,82.11,66.64,26.36,735,10.06,476
1893,Ethiopia,Central,2001,Well,Chlorination,22,20,36.75,27690,23.92,75.21,62.09,2919,34.41,692
1894,Pakistan,Central,2024,Pond,,3,2,89.66,99289,72.08,78.16,84.21,1489,6.47,298
1895,Nigeria,South,2005,Tap,Filtration,4,25,51.75,18270,92.93,56.55,98.28,1098,5.2,46
1896,India,Central,2008,Pond,Filtration,33,32,68.85,50701,37.95,59.35,51.94,307,24.23,641
1897,Nigeria,West,2024,Well,,15,93,97.67,99587,2.6,66.74,54.83,1804,32.19,421
1898,Brazil,West,2002,Lake,Boiling,39,21,78.76,11751,82.76,79.91,24.38,1221,31.2,695
1899,Mexico,Central,2000,Pond,Chlorination,46,61,18.91,90189,70.84,13.63,82.01,2643,21.74,886
1900,Bangladesh,South,2000,Tap,Filtration,42,4,79.26,88032,14.91,55.06,77.33,2080,25.55,395
1901,India,South,2018,Well,Boiling,41,18,75.34,32655,59.69,39.53,52.23,728,10.33,901
1902,Nigeria,South,2004,Pond,,2,8,24.8,63439,82.48,76.65,76.74,2581,22.05,951
1903,Mexico,North,2012,Lake,,42,57,33.88,95121,18.1,20.7,69.84,2474,8.31,431
1904,Mexico,Central,2018,Spring,Chlorination,48,23,71.59,8561,22.29,82.78,81.52,1415,37.13,47
1905,Nigeria,South,2011,Lake,,41,38,25.36,40557,20.18,19.92,45.13,520,27.12,542
1906,Pakistan,West,2015,Lake,Chlorination,48,75,22.4,24908,99.75,17.15,72.07,541,22.59,928
1907,Brazil,East,2024,Spring,,13,60,70.94,18688,22.95,37.72,70.05,1251,9.89,170
1908,China,East,2024,Lake,,32,47,88.3,23279,26.69,89.58,27.24,2265,16.36,227
1909,Brazil,South,2018,Spring,Filtration,27,90,9.35,91710,4.79,60.7,42.48,832,31.21,253
1910,Nigeria,East,2002,Spring,Boiling,40,49,45.7,25187,98.33,12.12,88.82,2740,9.58,52
1911,Bangladesh,East,2011,Pond,Filtration,14,61,61.5,24714,24.68,29.94,32.49,1738,5.15,127
1912,China,North,2004,Pond,Chlorination,3,52,68.28,67005,72.52,21.93,50.37,2517,12.29,615
1913,India,West,2001,Spring,Filtration,19,20,99.63,84053,2.64,10.08,38.02,1198,31.78,333
1914,Brazil,West,2021,Well,,24,37,68.9,21746,78.34,51.2,31.21,2382,35.32,207
1915,Nigeria,North,2006,Tap,,34,98,62.78,34186,75.06,40.49,30.91,2759,16.57,491
1916,Brazil,North,2012,Well,Boiling,38,95,98.99,17051,8.42,59.06,47.84,2648,31.25,260
1917,China,East,2024,Spring,Chlorination,21,58,7.95,20205,12.26,27.31,84.28,1718,13.29,713
1918,Indonesia,Central,2014,Tap,,34,99,9.29,94515,29.51,76.48,97.31,1306,20.35,477
1919,Ethiopia,East,2021,Pond,Boiling,46,96,56.95,60649,35.47,40.65,65.75,1942,0.81,841
1920,Brazil,North,2002,Tap,Boiling,27,42,37.15,92872,78.35,48.63,70.82,1902,28.48,134
1921,India,West,2020,Spring,,9,16,11.48,16302,6.12,68.6,82.3,844,28.75,558
1922,India,East,2019,Pond,,15,68,32.03,63891,65.02,23.29,72.94,278,4.01,600
1923,USA,Central,2004,Tap,Chlorination,48,43,68.09,11531,22.85,30.99,87.87,1531,14.35,512
1924,Brazil,East,2023,Tap,Boiling,22,83,88.3,55841,38.25,22.38,90.72,2868,19.34,113
1925,Ethiopia,South,2007,Well,Boiling,18,62,11.24,22021,0.22,71.45,70.22,1249,30.96,672
1926,Pakistan,East,2021,Tap,Boiling,0,22,54.93,87394,29.11,17.8,62.65,2414,32.94,243
1927,Mexico,North,2000,Spring,Chlorination,0,67,31.02,25833,17.13,49.12,51.28,884,28.77,82
1928,Ethiopia,West,2007,River,Boiling,45,25,67.4,65231,50.4,69.99,56.93,1766,8.63,43
1929,Mexico,West,2023,River,Filtration,25,93,55.85,38051,15.82,50.62,47.64,660,14.25,372
1930,Mexico,North,2017,River,Filtration,33,47,92.82,37761,83.58,50.69,54.16,1263,9.89,171
1931,Indonesia,South,2019,Spring,Boiling,1,46,5.69,2473,88.29,15.09,91.98,999,25.49,932
1932,USA,North,2015,River,Filtration,27,45,48.06,11400,84.53,72.63,97.79,971,25.89,729
1933,Ethiopia,East,2017,Well,Filtration,19,28,20.89,49749,98.18,58.32,48.92,1563,0.65,269
1934,Ethiopia,North,2019,Spring,Chlorination,41,33,54.6,19960,91.46,63.4,37.65,2421,29.27,485
1935,Indonesia,North,2011,Pond,Boiling,46,9,85.65,92531,27.98,71.26,26.26,2834,9.18,346
1936,Brazil,South,2012,Spring,Chlorination,26,19,91.31,2706,31.45,54.85,86.95,2801,32.06,498
1937,Brazil,East,2012,Spring,Boiling,27,87,41.03,57782,53.27,50.69,89.65,366,33.31,725
1938,Brazil,Central,2009,Tap,,30,33,81.55,66122,38.5,63.05,56.04,2445,31.88,206
1939,Bangladesh,Central,2006,Tap,Filtration,46,12,29.49,10458,96.99,82.0,63.39,2687,16.32,239
1940,Mexico,West,2024,Tap,Chlorination,6,86,2.62,11883,33.95,61.08,79.19,758,13.93,109
1941,Bangladesh,North,2013,Lake,Chlorination,7,9,85.81,69713,74.01,73.07,50.07,1753,17.4,615
1942,USA,West,2023,Well,,31,85,13.7,25757,57.54,48.42,36.12,713,21.09,72
1943,Indonesia,South,2015,Spring,,10,44,3.73,80606,95.65,57.17,29.17,1325,10.0,343
1944,Ethiopia,Central,2014,Spring,Filtration,47,77,36.67,73681,74.45,24.41,38.82,1405,37.27,919
1945,Mexico,North,2011,Tap,Filtration,25,88,39.18,45676,30.36,49.08,71.63,2661,20.16,715
1946,Bangladesh,South,2008,Spring,Boiling,24,81,9.57,78820,19.71,21.91,47.81,2738,2.93,293
1947,Bangladesh,South,2007,Pond,Boiling,6,83,81.79,27545,85.46,47.36,89.42,1995,39.89,798
1948,Nigeria,North,2017,Spring,,19,91,41.75,8826,91.1,15.2,27.0,1792,19.36,728
1949,Bangladesh,South,2022,River,Filtration,40,7,50.01,29486,83.11,56.1,53.31,2789,37.88,885
1950,Pakistan,North,2017,Pond,Filtration,29,4,27.93,10937,73.74,32.94,40.56,2498,15.61,608
1951,Ethiopia,North,2012,Pond,,0,84,52.13,53441,32.17,77.33,91.02,1956,8.99,147
1952,Pakistan,East,2017,Spring,,17,19,77.14,94718,50.54,40.1,84.5,2931,29.48,547
1953,Ethiopia,West,2014,Lake,Chlorination,7,43,90.81,13656,91.57,83.42,98.74,444,17.3,428
1954,Indonesia,South,2003,Tap,,28,79,97.11,28277,13.49,47.83,29.54,687,35.26,299
1955,Ethiopia,South,2016,Well,Chlorination,39,57,43.82,25810,49.49,77.91,82.58,1966,18.58,779
1956,Pakistan,East,2004,Well,Boiling,21,19,99.02,20355,35.55,33.78,30.07,2148,13.53,436
1957,Ethiopia,East,2021,River,,31,88,30.91,71475,67.75,46.13,32.4,235,38.67,693
1958,Indonesia,East,2015,Well,,39,70,2.68,36533,63.41,60.69,23.14,568,33.21,760
1959,Indonesia,Central,2008,Well,,13,88,77.23,68004,56.01,30.69,57.18,1158,8.22,437
1960,USA,Central,2009,Tap,Chlorination,1,99,19.49,61955,27.96,62.59,30.07,457,19.55,52
1961,Ethiopia,Central,2023,Tap,,34,73,7.14,52796,15.96,33.09,47.87,700,4.53,317
1962,Nigeria,North,2017,Lake,,6,39,92.55,79975,78.43,48.74,42.1,853,4.31,631
1963,Brazil,South,2016,River,Filtration,2,15,79.6,34492,99.17,11.87,98.11,2967,34.14,910
1964,India,West,2017,Well,Filtration,14,3,12.06,41080,16.91,16.25,72.66,1835,37.27,156
1965,Indonesia,North,2006,Lake,Filtration,42,9,78.14,34455,7.58,28.17,52.84,678,29.55,644
1966,China,South,2003,River,,33,50,84.71,81747,74.57,74.52,90.28,439,39.57,935
1967,Brazil,South,2004,Pond,Filtration,21,47,90.72,87440,34.39,62.83,25.11,2615,1.81,826
1968,Mexico,East,2022,Well,Boiling,17,94,55.28,27608,21.3,81.48,46.74,2396,13.26,390
1969,Ethiopia,East,2015,Well,Filtration,45,75,70.93,29803,52.51,82.38,61.17,931,5.28,760
1970,Pakistan,North,2002,Tap,,17,19,76.7,61366,67.52,39.97,24.31,600,31.28,712
1971,India,East,2017,Spring,Filtration,33,31,69.49,59281,21.48,39.4,31.67,793,35.62,125
1972,China,South,2022,River,Filtration,35,65,65.39,50587,99.45,76.86,91.6,487,17.88,474
1973,Brazil,East,2020,Well,Filtration,45,59,55.66,24082,32.82,44.12,34.37,1886,33.17,678
1974,Ethiopia,Central,2013,River,Boiling,38,10,48.96,91171,31.5,78.58,93.73,333,33.9,853
1975,USA,East,2014,Lake,Boiling,46,19,99.62,45646,42.3,50.47,27.69,2020,5.59,977
1976,Mexico,South,2016,Lake,Chlorination,37,22,35.08,38905,74.5,43.98,91.06,2054,15.08,216
1977,India,North,2000,Spring,,36,76,10.65,25521,87.33,32.33,56.3,1677,7.52,62
1978,Nigeria,West,2024,Well,Boiling,17,34,76.97,1808,32.4,20.12,65.86,424,26.8,107
1979,USA,East,2020,Tap,Boiling,42,16,22.95,65607,11.87,52.07,42.53,2884,15.49,37
1980,China,South,2016,Well,Boiling,39,9,54.2,18789,25.61,36.02,41.87,2231,26.71,222
1981,India,West,2022,River,,28,37,11.39,96518,8.43,29.96,59.37,807,35.04,958
1982,USA,West,2024,Pond,Chlorination,11,77,62.69,58173,63.03,23.57,48.46,1099,16.51,666
1983,Mexico,Central,2010,Lake,,17,82,94.51,89720,74.07,41.09,26.22,1025,38.88,766
1984,Nigeria,West,2016,River,Filtration,30,31,72.83,8282,42.93,54.47,48.29,2150,16.34,257
1985,USA,South,2013,Spring,Chlorination,14,53,23.02,20562,95.28,76.96,40.38,610,8.55,499
1986,Bangladesh,South,2019,Lake,Filtration,39,96,97.17,26629,72.75,75.62,87.97,573,21.17,859
1987,Nigeria,East,2018,Tap,Boiling,29,56,32.09,30216,37.97,78.41,87.08,2332,15.96,545
1988,China,East,2020,Lake,,35,88,44.79,72066,10.22,56.1,31.32,283,5.0,774
1989,Mexico,East,2006,Pond,Filtration,27,24,50.82,3083,49.37,54.76,78.41,681,0.93,865
1990,Ethiopia,West,2023,Well,Chlorination,14,13,99.09,43732,50.38,82.41,56.07,471,29.76,341
1991,Pakistan,West,2012,Pond,Filtration,42,44,8.75,76847,55.06,33.08,89.48,2253,37.31,970
1992,Pakistan,Central,2017,Pond,Filtration,32,43,70.28,22735,68.24,21.64,41.92,718,17.62,45
1993,Pakistan,East,2022,Well,Boiling,1,37,37.47,24381,26.44,16.62,27.05,2261,2.62,937
1994,India,North,2013,Lake,Filtration,7,35,9.68,69954,0.25,80.48,84.04,1960,29.63,206
1995,China,Central,2000,Spring,Filtration,47,87,93.63,14369,81.28,39.74,89.47,1016,34.68,419
1996,Mexico,North,2006,Well,Boiling,32,38,59.81,7011,82.35,49.9,87.24,686,12.95,193
1997,Nigeria,West,2007,Well,Chlorination,34,38,75.84,14616,91.16,74.24,46.34,996,8.88,76
1998,India,Central,2017,Tap,Boiling,17,12,25.56,36481,96.9,39.85,22.47,2734,13.48,42
1999,China,Central,2008,Lake,Filtration,25,65,76.63,69923,15.92,79.44,31.17,1391,36.33,176
2000,Ethiopia,South,2000,Well,,47,33,83.19,57409,35.39,35.74,93.55,1136,16.72,349
2001,Bangladesh,West,2021,Spring,Boiling,20,14,44.22,67258,85.14,68.59,49.13,2653,26.17,707
2002,Mexico,West,2016,River,Boiling,27,57,58.05,71782,93.4,63.39,90.42,662,2.97,533
2003,Pakistan,Central,2018,Lake,Filtration,19,58,97.24,85527,1.45,26.11,98.47,2379,11.26,254
2004,USA,West,2005,Tap,,44,65,84.98,84933,38.75,19.96,51.66,705,9.12,495
2005,Mexico,Central,2002,Pond,Chlorination,19,51,45.6,62377,11.34,18.92,82.12,2201,2.5,605
2006,Indonesia,South,2023,Well,,3,88,67.13,21736,78.85,62.07,33.53,2880,4.82,858
2007,China,Central,2004,Spring,Boiling,35,68,78.85,14932,74.71,11.04,50.7,2483,16.66,52
2008,Brazil,West,2001,Lake,,33,97,4.38,60395,75.43,62.85,76.41,222,22.32,977
2009,Ethiopia,West,2019,Spring,Chlorination,44,4,59.66,28514,39.02,72.56,36.57,813,12.48,628
2010,Bangladesh,Central,2024,Spring,,12,42,98.48,82211,40.62,34.2,45.58,651,16.78,534
2011,Ethiopia,Central,2003,Pond,,30,7,94.82,71019,26.19,69.66,65.11,473,30.38,466
2012,Mexico,Central,2009,Tap,,38,77,83.58,76425,36.09,23.23,75.3,1224,9.89,860
2013,Brazil,East,2009,Lake,Boiling,6,92,12.41,86558,98.31,86.84,48.55,2908,1.36,611
2014,Indonesia,West,2023,Well,Filtration,16,93,99.42,18204,4.66,28.57,50.14,365,10.28,125
2015,Nigeria,West,2020,Tap,Filtration,41,62,61.73,46468,32.4,49.07,28.79,2657,36.86,910
2016,USA,East,2010,Well,,11,67,23.85,19250,78.99,88.44,98.72,496,0.72,115
2017,Brazil,Central,2015,River,Boiling,29,34,68.08,61634,38.23,82.57,68.98,2226,5.16,694
2018,China,South,2016,Spring,Boiling,47,70,85.94,68571,95.0,62.76,62.43,1316,2.6,354
2019,Pakistan,Central,2015,River,Boiling,33,89,13.01,88709,33.21,39.54,36.91,1136,15.08,398
2020,Indonesia,Central,2006,Spring,Filtration,21,31,91.81,52027,84.98,66.01,59.04,295,25.91,544
2021,USA,East,2015,Pond,Boiling,20,96,92.18,78442,81.51,46.82,55.78,770,36.41,812
2022,Bangladesh,West,2002,Tap,,8,23,3.32,98534,0.92,18.71,40.68,340,31.76,250
2023,Pakistan,Central,2015,Well,Filtration,11,49,90.23,13953,40.3,73.68,55.7,1540,10.03,105
2024,Mexico,West,2007,Pond,Boiling,16,58,94.79,86805,28.06,79.73,36.28,2810,25.39,319
2025,Brazil,North,2011,Well,,15,64,5.69,59506,47.96,42.61,76.82,2154,26.55,134
2026,USA,West,2002,Tap,Filtration,4,92,30.83,99028,46.28,63.26,92.7,966,3.62,243
2027,India,South,2016,Lake,Boiling,18,37,38.56,30065,90.55,12.43,20.21,1826,17.09,698
2028,Nigeria,South,2020,River,Chlorination,27,37,36.19,68836,18.36,25.78,64.5,1032,12.45,591
2029,Nigeria,Central,2017,River,,16,20,76.38,1780,18.22,55.62,78.59,1528,6.28,215
2030,Indonesia,West,2010,Well,Chlorination,21,22,37.09,64163,10.81,31.93,92.58,2424,2.35,242
2031,Bangladesh,Central,2003,Well,Filtration,34,45,95.74,99325,73.87,85.55,48.67,814,1.09,129
2032,Indonesia,East,2015,Well,Boiling,48,68,99.51,84038,91.79,76.96,92.57,853,34.35,486
2033,India,South,2016,Tap,,14,29,33.05,30334,36.85,62.4,86.04,2668,13.23,814
2034,China,Central,2008,Lake,,18,39,51.86,62058,6.18,89.91,62.02,229,19.72,640
2035,Bangladesh,East,2005,River,,46,81,56.66,57458,15.6,29.46,40.56,341,11.67,31
2036,Ethiopia,Central,2023,Pond,Chlorination,49,69,58.78,77910,10.24,83.53,72.23,1938,6.63,770
2037,China,West,2019,Spring,Boiling,25,68,38.67,18485,59.23,34.37,40.84,2470,10.45,221
2038,Bangladesh,West,2024,Tap,Boiling,43,41,18.27,2806,28.23,57.73,47.91,1728,6.8,913
2039,Bangladesh,West,2001,River,Boiling,43,17,7.35,8322,89.74,44.75,57.36,2146,30.32,484
2040,India,West,2008,Lake,Chlorination,34,58,12.42,28903,16.23,45.46,59.84,710,36.3,706
2041,Mexico,North,2020,Tap,Filtration,42,12,90.33,59059,93.02,71.0,35.13,1498,17.38,505
2042,India,East,2005,Pond,Chlorination,22,83,29.48,1442,33.27,37.8,75.5,2345,32.92,848
2043,Bangladesh,East,2002,River,Filtration,9,20,9.53,37199,86.73,50.6,99.35,1187,17.03,197
2044,USA,West,2019,Tap,Chlorination,21,67,63.11,27281,94.9,26.94,39.51,659,17.87,192
2045,China,North,2005,River,Boiling,46,76,9.38,37017,98.64,71.08,64.36,1390,19.4,427
2046,India,West,2006,River,Boiling,10,81,8.87,90872,80.36,54.15,56.38,465,32.81,562
2047,Mexico,North,2000,Lake,Boiling,25,76,62.91,70776,10.17,30.41,44.62,583,37.45,549
2048,Brazil,West,2022,Spring,Chlorination,0,76,59.96,16873,5.54,31.27,53.58,2398,29.78,808
2049,Indonesia,South,2000,Lake,,35,60,6.06,49151,73.97,33.48,78.62,1471,35.54,542
2050,Bangladesh,South,2004,River,Chlorination,20,98,47.13,12919,89.7,65.94,53.18,770,25.71,83
2051,Ethiopia,Central,2005,Tap,Filtration,7,37,44.71,82827,16.61,57.61,60.54,2465,33.57,828
2052,Brazil,West,2012,Pond,Chlorination,19,39,55.58,51695,94.11,75.78,58.18,2842,22.27,45
2053,Nigeria,East,2001,Lake,Filtration,44,26,74.31,71308,61.02,55.72,64.42,1325,30.91,982
2054,Pakistan,Central,2014,Spring,Chlorination,16,57,29.71,80653,12.4,34.53,43.3,499,28.21,419
2055,Mexico,South,2014,River,,14,89,44.41,74794,16.7,87.03,60.78,2009,29.97,540
2056,Ethiopia,West,2012,Pond,,20,75,79.69,81139,6.6,80.89,30.79,1271,9.38,783
2057,Pakistan,Central,2024,Lake,Boiling,0,65,92.41,55409,14.32,32.31,79.31,2578,6.15,697
2058,Mexico,West,2013,Lake,,2,42,89.35,47649,73.21,83.02,28.87,961,26.12,24
2059,USA,South,2021,Lake,Chlorination,30,19,48.81,13473,21.88,67.61,82.8,1952,19.32,631
2060,Indonesia,Central,2006,Lake,,30,34,53.04,44830,56.17,43.18,86.04,2760,30.59,118
2061,Brazil,South,2013,Pond,Boiling,20,54,53.85,35247,72.11,47.35,21.52,1127,5.86,133
2062,China,North,2023,Tap,Chlorination,22,73,87.13,92564,89.53,45.71,86.47,2344,37.91,314
2063,Mexico,South,2009,Spring,Filtration,16,71,84.31,23048,58.99,73.75,71.85,2183,28.16,27
2064,China,West,2016,Spring,Chlorination,21,39,32.53,92618,56.97,24.04,27.75,1998,0.92,93
2065,Indonesia,East,2013,River,Boiling,21,45,17.96,20722,91.28,14.69,99.83,2337,23.06,714
2066,Bangladesh,South,2007,Well,,35,99,39.14,13976,29.49,49.88,69.24,351,12.5,927
2067,Nigeria,East,2003,Tap,,7,94,30.26,68351,20.37,33.23,52.07,1804,10.99,197
2068,Brazil,North,2015,River,Chlorination,46,78,95.18,5256,87.28,55.11,90.82,925,36.09,173
2069,Indonesia,Central,2023,River,Filtration,7,41,28.06,40064,7.45,88.26,23.33,2355,33.44,377
2070,Indonesia,Central,2012,Lake,Filtration,13,17,19.76,80350,18.97,63.72,77.39,363,0.38,731
2071,USA,East,2021,Well,Filtration,37,14,90.15,44904,41.13,86.74,31.5,650,7.27,403
2072,Pakistan,Central,2024,Well,Filtration,23,82,10.47,66068,36.13,68.56,64.2,1017,28.78,29
2073,Nigeria,South,2019,Tap,Chlorination,21,87,27.51,53983,70.61,16.07,27.68,2495,33.93,975
2074,Brazil,East,2017,Well,,14,98,45.03,15033,9.18,81.14,74.33,1154,28.7,772
2075,Bangladesh,West,2013,River,Filtration,19,65,60.32,56542,47.72,25.91,57.19,684,21.01,122
2076,Bangladesh,South,2017,Well,Chlorination,26,12,34.11,74559,80.86,79.18,20.54,2689,39.38,326
2077,India,South,2004,Well,Chlorination,27,56,50.63,87001,68.33,69.93,25.71,2221,31.89,366
2078,Indonesia,South,2008,Spring,Chlorination,21,8,21.49,70251,63.16,77.09,76.24,2747,18.72,836
2079,Mexico,West,2002,River,Filtration,30,98,58.28,17041,23.94,30.29,51.96,2526,23.34,159
2080,USA,North,2007,Pond,Filtration,8,65,41.97,60952,39.36,74.59,73.77,723,1.79,845
2081,Nigeria,Central,2019,Well,Chlorination,22,15,85.23,21829,18.07,58.83,51.19,1409,38.59,781
2082,Bangladesh,East,2021,Well,Chlorination,4,99,42.74,53434,50.89,16.55,48.94,1028,14.51,604
2083,Brazil,North,2009,Lake,Chlorination,44,1,45.49,53473,58.42,81.13,88.39,687,26.46,422
2084,India,East,2021,Well,,38,15,60.03,19572,63.12,80.14,88.38,423,26.68,835
2085,Brazil,Central,2018,Well,,16,71,14.07,25768,87.6,55.76,93.58,1184,2.28,67
2086,USA,West,2020,Spring,Boiling,39,0,17.37,28959,6.18,46.21,85.84,1769,10.63,63
2087,Mexico,South,2002,River,Boiling,4,81,79.44,97509,38.83,42.04,30.19,300,26.25,549
2088,India,South,2010,Tap,Filtration,6,25,28.8,44382,59.1,58.22,25.32,2111,36.49,370
2089,India,West,2010,River,,7,43,69.1,65255,57.01,77.34,24.67,2240,31.15,726
2090,Pakistan,North,2016,Lake,Boiling,6,4,11.55,8346,2.17,55.27,98.42,2922,23.21,432
2091,Nigeria,North,2015,River,Chlorination,21,20,82.54,38653,18.93,20.37,60.09,2679,9.3,66
2092,India,East,2006,Well,Chlorination,43,34,98.85,51808,84.57,34.49,29.21,748,37.95,73
2093,Pakistan,West,2003,Lake,Filtration,37,91,38.62,5954,51.54,63.46,63.54,1735,16.15,613
2094,Pakistan,North,2022,River,Filtration,20,53,51.54,90745,41.36,61.75,76.82,2032,6.0,295
2095,USA,West,2018,Lake,Boiling,3,89,45.39,96736,90.02,51.51,27.56,2637,0.87,351
2096,China,Central,2011,Tap,Chlorination,31,95,89.63,35395,7.5,29.24,47.71,2458,38.01,518
2097,Brazil,South,2014,River,Filtration,28,49,2.97,30178,92.23,31.65,35.03,2119,31.12,443
2098,Mexico,South,2010,Pond,Filtration,29,43,66.04,98390,2.78,48.74,98.03,1309,8.66,447
2099,Ethiopia,South,2004,Well,,2,84,65.93,55252,56.27,41.56,45.46,1728,5.67,544
2100,Brazil,West,2004,Lake,Boiling,4,3,39.47,56683,55.51,35.27,75.24,962,38.38,539
2101,India,West,2014,Pond,Filtration,18,41,23.49,8262,63.91,76.36,93.47,2455,9.63,775
2102,Mexico,East,2017,Pond,Boiling,7,40,25.49,21081,2.96,50.32,89.06,1185,18.48,90
2103,Bangladesh,South,2010,Spring,Chlorination,36,35,80.45,4926,53.05,50.25,51.52,971,24.43,390
2104,China,East,2011,Lake,Boiling,30,23,8.48,95083,11.36,44.24,44.87,2872,2.5,703
2105,Bangladesh,South,2001,Pond,Filtration,26,96,57.25,67510,15.6,64.47,84.74,984,13.78,872
2106,Bangladesh,East,2019,Spring,,12,4,32.07,13551,21.54,24.05,36.41,2847,37.75,933
2107,Nigeria,East,2014,Pond,Boiling,41,56,27.99,6489,61.32,85.49,77.39,1981,28.01,657
2108,Brazil,Central,2019,Well,Boiling,5,66,51.56,62363,39.01,18.37,86.82,2814,14.71,425
2109,Ethiopia,East,2003,Tap,Chlorination,0,10,89.99,9740,8.53,66.82,87.94,2251,31.67,628
2110,USA,West,2021,Spring,,29,44,62.57,64556,28.9,66.34,20.71,695,33.49,143
2111,Ethiopia,East,2017,Tap,Boiling,10,95,79.28,50067,7.66,19.12,59.99,2626,6.07,721
2112,Bangladesh,South,2005,Lake,,40,21,60.87,95831,66.41,89.44,48.61,555,23.46,895
2113,India,East,2022,Well,Filtration,30,10,70.38,38775,55.75,12.75,98.31,667,14.67,991
2114,China,North,2018,Spring,,15,37,44.38,6282,40.77,39.18,63.53,637,20.27,775
2115,Indonesia,South,2010,Lake,Filtration,14,58,92.75,47171,92.77,43.98,54.2,1027,18.76,817
2116,Ethiopia,North,2023,Pond,Chlorination,4,85,51.19,84798,51.87,74.22,39.55,900,20.15,700
2117,Bangladesh,South,2001,River,Chlorination,14,3,56.07,25737,88.75,12.39,87.65,245,20.88,568
2118,China,West,2007,Lake,Chlorination,0,66,53.45,13146,57.91,54.56,45.55,808,2.77,232
2119,Mexico,West,2010,Tap,Filtration,14,9,32.99,73329,37.68,26.32,86.14,248,7.11,124
2120,Brazil,West,2004,Well,Boiling,35,18,24.66,49940,53.9,55.81,91.33,2367,22.65,335
2121,Pakistan,North,2017,Well,Filtration,47,81,9.24,84145,15.19,61.71,24.65,2520,37.44,205
2122,Nigeria,Central,2022,Lake,,38,27,72.38,14832,67.48,12.73,60.8,1223,29.86,912
2123,China,South,2017,Pond,,7,94,30.35,31659,98.21,15.4,53.63,2087,9.55,258
2124,India,West,2013,River,Filtration,21,16,40.14,58418,24.74,16.82,51.45,383,14.47,235
2125,India,South,2021,Tap,Chlorination,26,23,92.15,33984,32.32,78.18,49.72,2592,13.42,292
2126,China,North,2009,Lake,Chlorination,33,0,57.51,85832,40.61,84.13,62.56,1019,30.78,459
2127,India,Central,2002,Lake,,29,4,11.51,71359,48.35,45.02,30.42,1806,38.89,63
2128,Brazil,North,2008,Well,,11,31,80.36,29098,71.91,79.98,89.7,1755,14.22,663
2129,India,South,2002,Tap,Boiling,1,52,27.1,52045,13.67,48.1,64.64,1892,0.59,754
2130,Ethiopia,Central,2010,River,Boiling,45,80,56.17,86500,30.25,42.09,47.77,1562,37.48,998
2131,Pakistan,Central,2011,Well,Boiling,37,56,51.98,11754,53.87,52.5,39.44,658,30.13,496
2132,India,North,2011,Lake,,21,84,25.33,50664,58.96,73.21,69.33,2472,33.37,159
2133,Pakistan,West,2002,Well,Boiling,16,42,13.35,32052,53.66,27.9,82.94,889,8.35,718
2134,Bangladesh,South,2020,Well,,34,85,22.7,35628,43.55,34.14,55.27,2622,25.83,65
2135,USA,East,2006,Spring,,41,38,11.54,92745,71.15,77.91,98.76,2242,9.31,885
2136,Brazil,East,2013,Well,Filtration,44,33,29.01,67982,20.45,83.28,62.85,439,0.46,219
2137,USA,North,2023,Pond,Boiling,22,77,99.74,4012,28.27,19.84,98.31,1037,6.28,325
2138,Bangladesh,South,2010,Well,Filtration,28,79,41.41,74154,44.45,66.39,97.01,867,36.91,572
2139,Brazil,South,2006,Pond,Filtration,28,4,86.66,67387,69.55,10.77,67.98,1337,8.61,409
2140,China,North,2024,Tap,Boiling,49,17,55.82,48878,8.24,29.69,66.51,2361,23.41,501
2141,China,South,2020,Well,,18,3,67.33,19959,11.57,15.49,28.45,1200,38.72,137
2142,Pakistan,West,2009,River,,16,91,17.32,20788,78.24,51.23,94.34,2164,3.03,911
2143,Bangladesh,North,2010,Pond,,7,90,28.93,11039,26.1,37.47,84.26,1655,32.32,778
2144,Pakistan,West,2014,Pond,Boiling,49,69,52.02,82947,96.35,21.01,60.04,1725,23.9,21
2145,Nigeria,South,2018,Lake,,6,10,88.35,11345,96.14,10.03,44.51,1594,12.94,33
2146,India,North,2015,Tap,Filtration,10,46,6.2,47370,68.59,41.07,87.08,1798,14.57,135
2147,Indonesia,South,2021,Well,Chlorination,2,84,51.68,77202,71.69,33.56,43.32,1761,1.09,340
2148,Nigeria,North,2020,River,Boiling,1,80,7.0,13967,65.1,13.74,63.35,1310,10.23,180
2149,India,South,2019,Lake,Chlorination,18,30,46.77,81829,17.73,78.14,35.91,1669,16.94,114
2150,Brazil,West,2011,Tap,Filtration,27,97,63.63,46936,50.05,42.86,84.36,804,28.68,939
2151,Pakistan,West,2017,Pond,Chlorination,27,12,74.98,22531,79.3,71.98,80.22,399,10.99,230
2152,Brazil,South,2022,River,Filtration,24,22,15.58,87580,77.47,43.76,43.34,1585,23.21,66
2153,Brazil,North,2012,Well,Chlorination,10,64,18.32,60540,89.88,15.4,29.39,2734,29.27,670
2154,India,East,2004,Spring,Chlorination,39,67,48.07,95797,90.08,41.54,34.17,2122,27.94,561
2155,Bangladesh,West,2003,Spring,,42,29,99.81,47443,26.15,80.89,69.31,2964,23.61,42
2156,India,West,2013,Tap,Chlorination,1,30,36.89,69315,72.17,10.62,32.0,283,23.21,170
2157,Mexico,East,2007,River,Filtration,11,46,43.9,23616,65.13,81.62,45.61,1470,28.85,933
2158,China,South,2008,Lake,Filtration,40,15,44.38,53668,88.58,62.54,87.14,2107,13.42,117
2159,China,North,2024,River,Filtration,37,42,9.91,13518,18.35,89.65,26.54,2515,18.01,74
2160,Nigeria,South,2018,Pond,Boiling,11,2,77.87,16240,73.98,83.29,66.49,664,38.65,85
2161,China,Central,2002,Spring,Filtration,49,11,26.8,20820,42.33,79.52,51.99,2465,26.74,55
2162,India,West,2004,Tap,Boiling,24,75,70.96,34312,39.45,13.0,29.63,1457,20.8,938
2163,Ethiopia,Central,2020,Well,Filtration,36,10,48.56,80518,3.58,32.42,60.75,2292,23.13,885
2164,Pakistan,West,2017,River,Boiling,30,15,61.95,3939,96.15,39.98,61.33,2407,4.18,462
2165,India,West,2000,Spring,Chlorination,16,28,7.29,17196,67.58,65.99,50.25,1381,23.68,459
2166,India,Central,2007,Lake,Chlorination,47,20,89.22,16448,59.07,61.89,24.43,979,33.46,941
2167,Indonesia,Central,2018,Tap,Filtration,11,57,25.9,67926,25.12,23.74,36.55,755,20.94,993
2168,Pakistan,South,2016,Well,Boiling,29,42,67.67,79795,65.84,68.95,52.38,2929,7.08,756
2169,Mexico,Central,2016,River,,1,4,80.21,61462,94.56,22.45,42.18,1473,17.93,959
2170,China,South,2010,Lake,,15,51,54.92,86641,16.33,46.51,32.84,1412,11.12,443
2171,Pakistan,South,2001,Well,,0,12,35.06,12692,98.38,56.3,58.96,1545,14.39,956
2172,China,South,2005,Pond,Chlorination,33,80,97.83,23862,42.74,79.65,51.81,2092,9.0,635
2173,Nigeria,West,2021,Spring,Chlorination,44,11,29.29,25571,97.82,60.51,73.2,993,13.36,317
2174,Pakistan,West,2013,Pond,Boiling,47,80,94.97,54491,63.39,86.39,64.83,2919,32.87,414
2175,China,Central,2002,Spring,Filtration,0,0,17.31,54447,32.41,89.56,33.58,418,30.31,645
2176,Mexico,West,2011,Lake,Chlorination,35,7,40.14,68064,37.44,50.71,75.01,2763,19.62,807
2177,USA,Central,2003,Pond,Filtration,2,15,15.57,27168,29.06,14.12,57.23,1262,31.3,152
2178,Brazil,West,2011,Spring,,33,14,2.22,81726,33.48,12.27,29.08,2024,39.02,658
2179,Brazil,North,2012,Tap,,11,18,27.51,95618,64.65,78.45,21.48,900,16.25,768
2180,Mexico,North,2001,Lake,Filtration,44,24,10.55,3407,1.66,49.99,70.11,2389,39.2,297
2181,Indonesia,Central,2001,Spring,Boiling,26,30,98.66,98775,96.76,39.34,69.49,2593,9.84,81
2182,USA,West,2014,River,,49,1,76.64,69179,76.85,32.76,85.64,502,38.18,416
2183,Nigeria,West,2022,Spring,Boiling,36,58,2.36,74955,94.1,32.54,80.99,1353,34.58,804
2184,Mexico,South,2016,Pond,,24,88,23.92,87810,71.75,15.83,90.2,2715,7.97,563
2185,Brazil,East,2006,Tap,Chlorination,11,30,67.67,8074,48.1,34.24,43.39,545,13.99,273
2186,Brazil,Central,2013,Well,,32,67,41.06,9806,18.97,61.58,53.05,375,28.32,230
2187,Brazil,East,2011,Well,Boiling,8,67,83.52,67713,51.63,40.82,24.95,2441,7.66,788
2188,Bangladesh,East,2016,Spring,Chlorination,0,11,51.48,35311,71.17,85.83,52.91,2584,23.63,926
2189,Mexico,Central,2013,Well,,49,16,66.06,8181,85.42,63.45,37.58,1402,21.39,764
2190,India,West,2005,Spring,Chlorination,22,84,60.51,94576,32.41,79.12,84.43,1975,11.67,53
2191,Nigeria,Central,2018,Tap,Chlorination,27,28,64.54,32214,51.05,19.13,72.5,2891,12.02,432
2192,Brazil,East,2023,Well,,2,85,24.55,69150,62.0,46.04,82.54,280,20.65,999
2193,China,West,2005,Pond,Filtration,37,35,38.58,46921,58.86,13.32,67.4,2408,11.99,298
2194,Mexico,North,2017,Pond,Filtration,35,79,6.96,5353,5.24,81.6,67.83,606,7.21,588
2195,Bangladesh,Central,2023,River,Boiling,43,62,59.59,93455,48.34,21.75,38.82,1404,30.93,832
2196,Mexico,Central,2004,Spring,Boiling,43,14,47.01,27962,80.9,74.43,73.59,1492,23.27,790
2197,Nigeria,West,2023,Well,,4,29,76.55,62665,80.23,83.9,31.52,1793,17.51,45
2198,Bangladesh,North,2023,Pond,Chlorination,28,50,22.23,97141,50.71,45.35,42.07,693,7.25,608
2199,Nigeria,North,2005,Tap,Chlorination,12,10,44.81,7099,95.24,41.15,34.4,2438,23.77,547
2200,Mexico,West,2001,Tap,Filtration,43,56,19.71,29946,82.62,58.01,95.96,1544,25.14,467
2201,India,South,2007,River,Filtration,3,12,62.17,2841,73.73,69.23,91.85,1583,19.19,303
2202,Nigeria,Central,2014,Tap,Chlorination,5,86,85.11,55971,51.56,61.65,89.99,753,14.91,109
2203,Bangladesh,Central,2014,Tap,Chlorination,37,54,77.01,45512,59.07,10.09,96.81,1318,34.69,160
2204,Bangladesh,East,2010,Well,Boiling,5,97,94.53,83529,22.32,72.87,69.01,2603,28.19,145
2205,Nigeria,West,2021,Spring,Chlorination,10,62,97.23,61425,53.24,21.79,91.58,1824,14.25,791
2206,Ethiopia,East,2021,Lake,Chlorination,26,83,77.66,27717,52.6,45.97,43.35,2617,23.72,289
2207,Mexico,East,2023,Tap,,45,1,30.11,88892,20.28,32.59,50.78,2992,9.35,384
2208,Ethiopia,North,2000,Tap,Chlorination,34,71,23.49,7908,95.11,84.23,57.36,2543,0.46,475
2209,Indonesia,Central,2017,Lake,Filtration,39,81,45.86,36341,24.48,50.17,27.15,2268,34.75,433
2210,Mexico,East,2011,Tap,Filtration,3,55,99.4,22254,10.42,51.77,85.98,872,32.76,622
2211,Nigeria,North,2011,Well,Boiling,26,6,42.44,38813,46.7,16.09,29.53,2614,25.58,503
2212,USA,West,2024,Well,Boiling,15,42,21.51,66951,68.61,81.79,83.97,2957,32.45,674
2213,Nigeria,East,2010,Lake,,17,30,94.55,82681,19.52,29.12,93.78,2801,31.23,127
2214,Ethiopia,Central,2007,Pond,Boiling,6,60,39.82,38782,18.29,43.12,65.43,748,34.41,760
2215,India,East,2006,Tap,Chlorination,10,21,69.71,48312,26.15,88.82,33.27,1935,35.67,989
2216,Nigeria,West,2022,Pond,Chlorination,7,61,79.24,57802,30.27,19.11,54.94,1608,32.75,418
2217,Nigeria,East,2020,Tap,,5,27,84.63,70939,24.62,67.48,31.11,1889,34.07,26
2218,India,Central,2001,Spring,Filtration,47,24,82.49,46103,47.07,30.81,29.52,2286,20.07,653
2219,Nigeria,North,2010,Tap,Chlorination,4,64,83.95,52314,1.83,43.58,80.49,2294,28.32,260
2220,Brazil,Central,2021,Well,Chlorination,5,31,67.43,39509,8.75,43.46,51.44,1535,13.33,606
2221,USA,North,2009,River,,37,88,41.58,89357,72.94,84.58,20.01,1333,34.45,733
2222,China,South,2002,River,Filtration,1,47,67.39,35240,41.23,10.83,23.88,385,34.34,886
2223,USA,Central,2019,River,Boiling,30,79,84.0,35442,36.03,39.38,85.42,1123,2.65,888
2224,Nigeria,Central,2009,River,Chlorination,38,92,36.36,50979,1.04,78.19,69.58,2206,13.88,114
2225,Brazil,West,2017,Pond,Filtration,31,23,31.06,21774,29.82,82.84,87.56,2574,6.86,858
2226,Mexico,East,2013,Pond,,8,80,35.68,28961,82.12,34.91,41.89,1951,5.43,620
2227,Nigeria,North,2017,Tap,,14,41,56.03,63342,34.04,29.36,45.15,2357,16.6,50
2228,Ethiopia,North,2023,Pond,Filtration,20,69,7.14,89734,96.37,46.9,69.35,2420,25.03,581
2229,Brazil,West,2007,Tap,,45,77,78.34,9531,39.0,69.67,73.21,1544,13.75,608
2230,India,West,2009,Spring,Boiling,27,89,15.61,45296,46.41,22.32,22.12,2763,12.37,478
2231,Brazil,East,2021,Tap,Filtration,44,91,15.02,93925,80.19,72.76,92.58,2180,3.78,564
2232,India,East,2012,River,Boiling,26,35,21.37,94260,98.3,51.01,83.93,260,15.32,959
2233,Indonesia,Central,2020,Lake,,4,30,58.54,56378,37.16,21.26,30.55,1394,18.84,829
2234,China,South,2007,Lake,Boiling,16,26,29.99,17431,11.99,63.74,20.83,2091,15.95,542
2235,Pakistan,East,2003,Well,Boiling,36,65,38.07,45622,52.31,60.26,81.53,1352,27.2,673
2236,Brazil,West,2003,Well,Boiling,23,82,93.3,77894,59.18,59.79,92.23,2906,11.53,430
2237,Bangladesh,East,2004,Tap,Boiling,30,91,85.03,62621,95.95,70.38,45.77,1274,28.64,643
2238,Ethiopia,North,2000,Lake,Filtration,34,44,85.51,63438,41.39,24.5,45.66,1799,35.31,987
2239,Nigeria,South,2016,River,,40,43,58.61,60470,9.08,65.8,61.17,2138,23.65,513
2240,Ethiopia,Central,2001,Pond,,40,56,86.91,88149,65.09,80.98,73.96,1805,15.55,693
2241,USA,North,2007,River,Chlorination,3,20,78.3,95544,2.11,52.42,71.81,2208,7.19,220
2242,Pakistan,North,2006,River,Boiling,19,54,95.42,38820,42.54,48.88,80.21,1246,37.3,142
2243,USA,South,2014,Tap,Boiling,42,14,8.31,69912,40.96,73.82,29.12,968,30.07,966
2244,Indonesia,Central,2024,Tap,Chlorination,16,33,4.82,88301,25.48,21.7,61.59,1284,9.86,309
2245,Pakistan,West,2004,Spring,Chlorination,45,2,19.15,59169,96.43,37.27,60.51,406,6.03,228
2246,Pakistan,Central,2001,River,Boiling,9,0,93.05,37059,40.34,78.3,95.99,992,1.97,399
2247,USA,East,2006,River,,36,23,61.35,85291,89.47,49.98,93.46,1076,7.62,343
2248,India,North,2007,Tap,Chlorination,20,42,43.76,1074,51.51,77.23,80.03,2099,29.3,396
2249,USA,East,2006,Tap,Boiling,20,26,52.25,1601,82.05,30.15,90.15,1224,25.18,586
2250,Ethiopia,West,2006,Spring,,48,8,83.3,18259,45.14,41.17,79.65,2799,38.7,680
2251,India,East,2013,Spring,Filtration,15,87,93.05,95538,99.15,75.89,77.64,2240,12.88,960
2252,Ethiopia,Central,2020,Well,Chlorination,32,16,73.51,38502,64.0,23.08,37.26,2524,31.46,310
2253,Indonesia,East,2017,Lake,Chlorination,9,91,76.47,86368,15.59,81.58,69.38,958,4.82,123
2254,Nigeria,West,2005,River,,43,38,33.4,79852,0.64,34.79,93.28,2162,22.5,595
2255,Mexico,West,2003,River,Filtration,17,54,47.77,72910,92.89,87.82,80.01,1361,18.67,832
2256,India,West,2009,Spring,,32,67,88.75,48781,68.68,76.22,68.38,2569,33.53,69
2257,Indonesia,Central,2017,Spring,Chlorination,28,92,79.02,14819,10.63,46.45,40.65,1859,28.06,936
2258,Bangladesh,West,2011,Well,Filtration,30,44,69.06,86224,74.35,69.38,74.29,1826,7.77,775
2259,Indonesia,North,2015,Lake,Boiling,23,27,8.39,86884,22.71,54.42,47.76,2493,39.36,764
2260,USA,West,2024,Well,Chlorination,11,55,5.87,39113,80.92,78.26,25.22,1200,32.93,124
2261,USA,East,2006,Lake,,19,28,14.78,36999,60.99,51.45,39.15,1719,14.19,986
2262,Mexico,East,2005,Pond,,5,28,58.98,24409,12.37,89.04,51.14,675,33.04,304
2263,Indonesia,East,2004,River,,7,68,54.57,21281,7.09,20.68,99.73,325,38.28,389
2264,China,Central,2002,Well,,13,10,94.38,90307,46.61,64.12,80.81,2513,35.61,625
2265,Nigeria,East,2011,Spring,,4,1,70.09,55442,93.69,29.65,42.37,2171,22.25,569
2266,USA,Central,2014,Well,Chlorination,35,67,30.81,97672,56.46,25.3,80.99,2385,23.09,89
2267,Mexico,Central,2009,Pond,Filtration,47,9,17.83,43814,75.91,42.66,48.61,1461,4.26,36
2268,Nigeria,West,2019,Well,,37,71,85.25,4250,46.95,39.4,68.63,1526,6.59,793
2269,Indonesia,North,2018,River,,2,86,47.04,52786,38.41,13.71,81.17,2768,39.3,445
2270,Indonesia,West,2015,Pond,Boiling,35,26,66.04,79160,82.22,44.22,79.27,1269,30.79,242
2271,Pakistan,West,2010,Spring,Boiling,21,86,57.38,93677,46.34,86.15,31.2,1596,1.02,263
2272,Mexico,Central,2007,Spring,Filtration,7,97,12.53,17770,14.15,47.35,86.04,2749,21.9,374
2273,USA,Central,2002,Tap,Chlorination,13,34,7.59,92170,27.45,34.15,93.84,1547,13.81,397
2274,China,East,2022,Pond,Chlorination,6,80,38.95,12499,56.14,85.93,38.67,843,12.46,947
2275,Indonesia,East,2006,Tap,Filtration,3,49,37.43,61628,40.26,50.46,46.35,1608,22.26,382
2276,China,West,2022,Tap,Filtration,18,73,68.03,31606,36.64,32.97,95.06,948,12.81,356
2277,Indonesia,South,2006,River,Filtration,42,1,63.96,87310,66.88,72.64,98.69,1104,10.06,447
2278,USA,South,2013,Well,,46,16,96.96,23485,63.63,27.89,56.28,2016,37.51,146
2279,Nigeria,East,2001,Spring,Chlorination,23,94,86.09,6027,31.4,29.82,22.76,1817,1.59,162
2280,Brazil,South,2009,Spring,Filtration,15,79,50.67,55548,35.94,35.95,94.63,654,17.45,353
2281,Nigeria,East,2018,Well,Boiling,5,23,51.0,20341,75.21,41.58,22.03,1973,20.45,67
2282,Indonesia,Central,2008,Spring,,43,56,68.06,24441,92.13,56.63,46.42,1023,17.6,229
2283,Ethiopia,West,2015,Well,,7,70,13.18,36566,32.42,51.22,27.18,1272,26.29,27
2284,Brazil,North,2018,Pond,,24,82,99.99,77626,29.19,69.5,60.94,2948,1.03,437
2285,Brazil,West,2017,River,,31,15,52.84,57154,26.53,67.37,23.01,720,35.4,611
2286,China,East,2008,River,Filtration,24,96,91.17,45832,14.15,13.64,38.03,593,20.01,851
2287,Mexico,East,2015,River,,9,35,96.8,47447,37.72,20.71,56.71,2642,22.15,186
2288,China,West,2012,Well,Boiling,42,44,59.0,96458,51.6,27.22,25.93,295,18.51,565
2289,China,East,2009,Well,Boiling,40,9,12.13,54928,53.74,57.81,58.43,284,17.78,491
2290,Ethiopia,South,2024,Lake,Filtration,16,62,58.19,51178,69.1,81.62,41.21,1259,7.47,503
2291,Nigeria,South,2019,Spring,,45,42,60.57,47800,5.26,35.99,41.35,615,20.18,495
2292,Nigeria,East,2013,Spring,Boiling,2,50,79.34,46749,56.14,87.1,94.96,794,16.85,724
2293,Bangladesh,East,2011,Lake,Chlorination,8,78,6.73,68192,25.5,23.83,75.22,2191,18.72,983
2294,Indonesia,South,2024,Lake,,17,2,47.7,76651,23.91,83.98,94.36,2922,0.55,512
2295,Ethiopia,East,2018,River,Filtration,48,65,92.43,3294,78.97,74.08,66.06,925,5.24,631
2296,Bangladesh,East,2006,Lake,Chlorination,29,34,99.15,97140,15.35,41.12,92.57,2123,30.53,943
2297,USA,West,2022,Well,,4,90,20.76,89246,32.91,26.5,86.99,420,16.76,714
2298,Indonesia,North,2014,Tap,Chlorination,31,68,87.32,48628,63.76,41.3,99.83,1542,29.72,858
2299,Indonesia,South,2015,Well,,26,78,16.33,69078,64.29,27.1,60.25,678,6.84,986
2300,Pakistan,West,2007,Lake,,20,35,84.44,89115,4.81,54.89,75.69,2639,27.93,649
2301,Pakistan,North,2009,Spring,Boiling,23,48,29.17,72928,7.26,55.99,32.85,2692,11.56,19
2302,India,East,2003,Well,Chlorination,37,96,96.04,4591,65.54,71.46,95.16,518,28.2,328
2303,India,East,2018,Spring,Chlorination,2,0,70.16,20118,95.32,52.23,51.9,1540,3.47,615
2304,China,West,2018,Well,Filtration,15,75,41.11,99239,99.85,37.61,93.33,492,13.35,499
2305,USA,East,2020,Spring,Filtration,14,41,29.54,32021,98.71,82.93,28.06,715,4.77,823
2306,Brazil,Central,2014,Pond,Chlorination,24,40,25.05,92069,35.16,16.24,61.22,1279,25.19,746
2307,Brazil,West,2013,Well,Boiling,7,72,68.72,35640,24.18,74.7,20.11,769,15.7,267
2308,Pakistan,North,2000,Spring,Boiling,40,56,89.79,10896,9.86,42.77,53.28,961,2.97,891
2309,Pakistan,West,2015,Tap,,3,19,75.98,32357,32.58,24.49,26.65,343,21.05,413
2310,Pakistan,South,2009,River,Filtration,31,93,83.81,98915,27.69,19.63,55.93,508,1.0,233
2311,Ethiopia,West,2018,Well,Filtration,44,13,78.58,36302,57.68,27.66,64.46,217,32.74,780
2312,Mexico,East,2021,Tap,Filtration,34,86,97.96,38842,36.88,19.76,88.18,1574,37.53,557
2313,India,East,2002,River,,29,92,76.26,71924,23.15,46.71,43.63,1389,32.4,270
2314,Ethiopia,Central,2004,Well,Boiling,38,98,22.6,75324,61.25,37.98,65.34,1767,38.06,285
2315,Nigeria,Central,2008,Tap,Filtration,47,51,79.58,57826,32.31,38.53,25.32,1335,35.88,780
2316,Brazil,Central,2017,Tap,,48,90,33.56,71085,35.36,22.55,93.08,2472,35.8,780
2317,Indonesia,North,2010,Pond,Chlorination,29,53,99.59,26372,59.84,62.78,56.14,1051,9.82,365
2318,India,Central,2015,Tap,Boiling,16,48,38.91,83377,11.82,58.62,40.21,2039,9.25,335
2319,Bangladesh,North,2001,Pond,Chlorination,18,90,30.69,21715,77.42,88.58,57.06,353,32.38,237
2320,Nigeria,Central,2011,Lake,Filtration,30,29,25.44,5468,96.54,23.41,58.52,309,19.66,609
2321,India,North,2021,Spring,,16,2,66.53,94698,49.08,76.72,79.46,537,37.69,905
2322,Ethiopia,West,2005,River,Boiling,1,11,12.7,41553,55.99,12.71,97.97,2164,35.89,312
2323,USA,West,2010,Spring,Filtration,36,30,95.45,19650,38.46,15.87,34.89,706,35.73,111
2324,Indonesia,East,2007,Spring,Boiling,47,36,30.84,1167,95.67,61.84,24.36,2420,13.04,302
2325,India,North,2011,Pond,,28,26,30.95,33782,13.29,42.52,72.46,2006,5.32,17
2326,Mexico,South,2001,Spring,,29,23,6.51,37557,81.35,28.44,90.77,998,27.12,623
2327,Pakistan,East,2008,Tap,Filtration,42,40,26.11,62873,65.04,10.22,65.2,2646,17.62,634
2328,Pakistan,West,2014,Pond,Boiling,21,63,43.06,93635,79.15,63.05,26.39,2349,37.36,217
2329,Indonesia,North,2001,Spring,,37,10,38.22,34079,95.05,45.27,53.74,1188,34.15,372
2330,Ethiopia,Central,2000,Pond,Boiling,10,90,28.76,48836,49.62,23.66,72.38,2225,37.15,906
2331,Pakistan,South,2009,Lake,Boiling,32,72,5.99,22591,28.83,87.78,46.24,1472,22.71,983
2332,India,West,2001,Pond,Chlorination,18,15,31.46,55501,77.95,38.07,87.59,684,21.05,54
2333,Bangladesh,East,2011,Well,Filtration,2,13,78.28,22956,84.46,34.24,37.98,2242,33.88,467
2334,Brazil,North,2022,Tap,Filtration,39,46,45.0,51172,68.63,50.83,49.16,2206,20.48,531
2335,Brazil,South,2007,River,Boiling,21,29,30.5,6249,84.9,32.18,93.31,373,36.0,351
2336,Nigeria,North,2004,Well,Chlorination,17,23,31.87,18362,73.03,31.82,65.88,2066,1.38,241
2337,China,Central,2021,Well,Boiling,44,12,56.33,48707,95.75,87.3,20.5,1581,14.35,754
2338,USA,East,2000,Well,Filtration,29,96,31.62,88238,57.07,30.89,39.52,1662,33.39,488
2339,Indonesia,North,2014,Spring,Filtration,0,8,63.82,26107,38.05,58.44,80.27,1253,8.4,973
2340,Nigeria,West,2005,Pond,Boiling,19,48,98.97,51790,68.05,13.0,24.16,2800,15.96,948
2341,China,East,2011,Pond,Boiling,48,25,6.04,62285,6.91,22.35,99.44,266,0.4,352
2342,Ethiopia,West,2007,Spring,Boiling,4,48,18.54,69105,49.84,11.77,91.83,687,12.07,178
2343,Mexico,North,2012,Tap,Filtration,11,41,19.55,50002,77.34,52.76,37.91,984,12.75,277
2344,Mexico,East,2018,Spring,Boiling,10,44,45.81,19189,16.9,49.33,91.64,1761,29.3,758
2345,USA,West,2000,Spring,Boiling,23,76,6.06,89628,40.04,36.47,75.96,1341,27.09,273
2346,Pakistan,Central,2010,Spring,,17,20,48.8,89290,35.03,66.02,54.03,920,17.8,901
2347,India,Central,2019,Tap,Filtration,7,28,93.03,54443,33.5,60.06,35.69,1580,29.14,310
2348,Nigeria,North,2000,Tap,Boiling,28,91,3.13,34532,65.06,58.03,36.02,447,17.13,609
2349,Nigeria,East,2007,Lake,Chlorination,21,23,37.76,63581,49.75,36.9,67.53,2183,17.38,906
2350,Indonesia,South,2004,Lake,Filtration,44,76,76.57,56040,79.73,36.17,53.28,1830,25.82,675
2351,Indonesia,East,2016,Lake,Boiling,1,41,17.14,7234,5.78,79.88,67.62,2706,28.92,351
2352,Mexico,Central,2007,Lake,Boiling,22,83,9.6,31132,45.39,53.52,46.42,925,33.88,116
2353,Mexico,West,2024,Pond,,15,70,63.82,86326,1.4,31.78,38.41,2623,30.06,738
2354,Bangladesh,South,2009,Well,,43,40,2.98,80675,22.09,53.46,86.92,1093,26.81,168
2355,Bangladesh,North,2001,Well,Filtration,7,47,80.57,47114,77.54,31.34,93.6,2727,22.46,833
2356,Pakistan,South,2008,Lake,,3,78,8.55,53085,10.61,24.82,76.42,2891,12.32,363
2357,Bangladesh,North,2023,Lake,,13,88,53.39,10999,10.56,32.57,32.93,2349,10.44,558
2358,India,South,2022,River,Filtration,8,98,74.53,66701,40.14,60.31,27.38,2194,33.73,468
2359,India,North,2002,Well,Chlorination,10,76,25.72,80902,77.69,51.27,63.13,256,28.69,909
2360,Nigeria,North,2017,River,Boiling,47,42,12.15,69693,63.8,23.16,64.03,630,26.62,81
2361,Brazil,South,2006,River,Boiling,37,7,19.21,48841,78.18,82.63,71.14,2711,10.35,642
2362,India,South,2014,Spring,,43,84,85.76,86568,4.95,49.86,92.49,361,38.79,181
2363,China,North,2020,Pond,Boiling,15,62,71.17,62841,56.37,73.5,71.74,2164,3.25,236
2364,Mexico,Central,2021,Tap,,12,62,21.41,79988,45.33,36.46,93.29,2279,33.53,738
2365,Indonesia,South,2019,Well,Filtration,35,5,72.18,30686,89.6,86.6,29.42,1395,8.43,616
2366,Bangladesh,East,2017,Lake,Filtration,43,73,71.44,72939,73.73,70.17,76.74,1205,15.69,186
2367,Nigeria,West,2024,Lake,Filtration,35,51,99.78,51194,42.43,46.36,94.2,2344,17.12,608
2368,USA,North,2002,Tap,Boiling,16,20,40.37,16715,55.38,82.18,57.02,338,26.51,945
2369,Indonesia,North,2022,Well,,13,13,86.76,93462,42.48,67.4,97.4,2539,21.87,111
2370,China,West,2013,Lake,,28,57,45.75,99521,44.11,44.44,64.2,340,7.44,333
2371,Bangladesh,Central,2023,Lake,Boiling,16,96,89.98,3420,63.41,87.93,95.44,1536,1.2,365
2372,China,West,2001,Spring,Filtration,0,24,10.98,33922,21.65,33.88,79.88,1888,28.69,976
2373,Mexico,South,2013,River,Chlorination,19,55,19.18,91743,33.32,30.53,56.62,397,20.2,136
2374,Mexico,West,2021,Lake,,32,82,85.3,6828,27.92,81.57,22.74,1644,14.47,403
2375,Pakistan,North,2010,Pond,,1,8,82.29,59619,80.08,66.59,72.59,2081,11.38,591
2376,Nigeria,West,2015,Well,Boiling,16,99,31.93,28298,94.19,37.64,40.34,2379,32.92,744
2377,Indonesia,East,2007,Pond,Chlorination,22,35,60.49,37079,41.43,28.54,43.09,2612,31.82,269
2378,Ethiopia,South,2006,Tap,Filtration,21,56,39.5,64746,7.71,24.24,21.58,737,33.04,286
2379,Ethiopia,West,2010,Spring,,0,78,3.01,98672,9.36,35.08,64.61,1492,8.76,819
2380,Indonesia,North,2002,Well,Boiling,11,4,4.56,80473,39.96,20.04,43.14,2319,34.08,605
2381,USA,South,2016,Spring,Chlorination,12,80,7.32,61054,39.5,21.63,98.59,502,39.42,474
2382,Nigeria,North,2013,River,Boiling,13,93,60.22,49015,14.62,72.13,79.92,2628,23.97,381
2383,China,Central,2005,Lake,Chlorination,9,6,29.36,6611,80.71,15.1,48.6,2226,1.89,143
2384,USA,East,2007,Well,Boiling,11,5,16.11,11419,50.01,45.14,43.56,1393,28.09,264
2385,Brazil,Central,2021,Tap,Chlorination,21,78,94.23,83501,10.91,42.4,77.2,2534,21.52,532
2386,Indonesia,East,2004,River,,17,51,13.89,56426,9.87,86.82,40.34,367,28.48,731
2387,China,West,2007,River,Chlorination,38,73,68.05,78411,44.6,47.24,55.84,414,7.53,896
2388,Ethiopia,South,2001,Spring,Filtration,18,69,89.63,28117,11.68,22.87,32.83,1339,24.23,82
2389,India,West,2014,River,,29,54,18.06,71399,56.12,17.07,40.33,343,21.57,661
2390,Pakistan,East,2011,Well,Filtration,14,76,23.04,63030,38.5,68.6,27.87,2577,24.1,296
2391,Ethiopia,East,2016,Spring,,38,13,58.23,76569,91.97,21.82,54.17,2483,29.11,680
2392,Nigeria,East,2000,River,Chlorination,13,0,51.83,3701,41.89,85.04,94.14,2087,21.77,180
2393,Mexico,North,2014,Tap,,8,96,53.06,7498,61.44,54.74,28.07,668,12.87,707
2394,India,South,2013,Pond,Boiling,4,82,56.36,27163,81.14,42.14,54.99,2943,12.36,571
2395,Pakistan,West,2019,Well,Chlorination,32,72,95.09,38599,30.29,64.75,43.87,2212,27.8,256
2396,Pakistan,West,2021,Tap,Boiling,47,36,7.28,17174,51.19,25.91,49.04,1527,26.55,363
2397,Brazil,Central,2015,Tap,Boiling,4,48,76.52,7460,12.09,40.58,81.72,1716,16.88,729
2398,Brazil,East,2008,Spring,Boiling,23,11,24.79,39006,43.28,12.67,54.8,1943,14.14,50
2399,Bangladesh,East,2000,Lake,Boiling,7,4,38.62,69459,37.58,80.21,72.03,2817,24.81,121
2400,Ethiopia,East,2016,Spring,Filtration,18,69,10.75,77394,42.82,44.02,97.78,1167,12.49,725
2401,Ethiopia,West,2012,Well,Chlorination,11,10,45.67,3999,10.74,70.71,69.32,2134,38.53,890
2402,Ethiopia,Central,2020,Well,Boiling,7,52,80.81,25057,39.84,83.35,46.99,2396,23.86,470
2403,Bangladesh,North,2020,Spring,Filtration,7,54,11.68,46354,87.03,62.22,51.81,2823,23.68,941
2404,USA,South,2004,Lake,,37,73,29.01,90224,93.71,40.06,75.67,2716,5.45,214
2405,Pakistan,North,2009,Spring,Boiling,19,78,38.56,22452,24.17,59.56,75.55,334,24.39,693
2406,India,West,2005,Well,Boiling,28,49,12.18,83263,30.05,38.83,49.45,1019,11.8,648
2407,Nigeria,East,2023,Lake,Filtration,40,52,76.71,83333,0.96,55.39,77.96,218,18.07,75
2408,Pakistan,South,2018,Well,,33,54,79.12,21323,11.56,44.57,64.05,1092,21.53,378
2409,Brazil,West,2024,Lake,,17,91,83.92,88087,34.51,21.99,98.43,2845,19.12,792
2410,China,West,2012,Lake,Filtration,0,2,59.22,33201,68.51,72.41,92.65,2933,32.38,470
2411,Mexico,West,2000,Spring,Boiling,10,15,51.71,65936,29.22,49.71,85.91,2797,3.98,555
2412,Bangladesh,South,2019,Spring,Chlorination,46,44,27.73,90316,7.54,25.21,22.75,340,6.69,483
2413,Indonesia,South,2024,Spring,Filtration,43,80,66.21,20874,73.09,81.35,50.43,2209,6.28,719
2414,China,Central,2014,Lake,Chlorination,34,35,45.57,65041,46.68,78.26,65.86,1523,32.67,990
2415,Nigeria,Central,2013,Lake,Boiling,31,18,97.14,42436,51.92,54.71,61.73,605,4.73,53
2416,Ethiopia,North,2007,Well,Boiling,41,3,96.88,61170,32.6,87.63,81.09,699,38.86,774
2417,Brazil,South,2009,Tap,,15,58,90.71,27168,61.3,84.17,92.73,234,38.77,682
2418,Brazil,South,2008,Spring,Boiling,5,88,37.29,1700,89.08,81.76,82.97,1962,39.67,344
2419,Brazil,South,2016,Pond,,8,90,38.06,89809,55.38,20.66,37.62,855,39.19,364
2420,Ethiopia,Central,2008,Well,,39,11,85.56,18532,58.75,33.57,58.85,1652,5.96,357
2421,Indonesia,West,2002,Well,Boiling,21,62,73.46,66157,37.36,42.82,51.49,855,26.3,371
2422,Bangladesh,East,2010,River,,47,55,71.03,70406,8.26,76.55,81.3,2605,15.99,399
2423,China,Central,2011,Spring,Boiling,7,26,29.4,64888,42.85,79.7,91.61,223,29.27,494
2424,Ethiopia,South,2009,Well,,31,67,83.67,4315,92.46,70.12,42.95,633,16.24,639
2425,Nigeria,Central,2024,River,,25,23,58.78,37675,68.02,47.79,59.11,2462,15.33,817
2426,Bangladesh,North,2016,Pond,Boiling,17,80,45.79,48021,49.02,22.95,78.55,563,36.16,271
2427,Nigeria,South,2016,Pond,Chlorination,36,25,86.81,64748,62.09,12.82,24.0,2714,19.78,84
2428,Bangladesh,North,2024,Spring,Filtration,11,81,40.63,18236,55.85,65.94,97.05,1024,29.59,535
2429,Indonesia,South,2010,Lake,Boiling,37,21,66.08,87642,91.24,89.53,84.0,2483,26.0,990
2430,Mexico,Central,2021,River,,33,69,47.66,66723,22.38,37.64,63.42,1346,26.31,900
2431,Nigeria,West,2003,Lake,Filtration,3,18,60.09,27405,88.87,55.5,82.29,767,13.96,477
2432,Ethiopia,East,2006,Pond,Chlorination,15,33,5.97,14056,68.85,74.85,86.91,797,10.1,14
2433,Bangladesh,North,2020,Pond,Boiling,23,10,47.19,13944,12.77,24.92,59.51,2712,35.42,310
2434,Brazil,Central,2013,Tap,,13,87,56.54,50507,37.19,76.36,55.21,803,0.98,196
2435,Pakistan,West,2006,Tap,,16,44,50.29,48274,43.63,60.03,87.02,1556,6.92,210
2436,Brazil,Central,2023,Tap,Boiling,30,36,85.05,14603,8.29,55.59,88.77,1471,5.31,487
2437,USA,North,2007,Tap,,3,22,32.49,521,55.42,70.98,29.89,1560,37.98,499
2438,Mexico,East,2000,Well,Filtration,49,39,88.64,16473,25.94,29.28,92.63,2320,0.2,308
2439,Mexico,Central,2023,Tap,,43,42,41.54,40585,45.81,59.18,42.14,943,0.32,495
2440,Brazil,South,2021,Well,Filtration,33,3,70.06,18888,43.88,29.23,73.37,1929,9.07,958
2441,China,West,2003,Well,Filtration,37,81,10.5,7212,52.17,24.36,76.74,433,11.16,260
2442,Indonesia,Central,2011,Spring,Boiling,37,93,21.62,56465,84.62,59.87,42.38,1411,22.39,676
2443,Nigeria,West,2023,Well,,2,14,76.59,12644,78.08,31.54,44.33,1500,38.45,385
2444,Ethiopia,South,2002,Well,Filtration,7,22,3.21,28962,87.3,67.15,76.5,2666,18.6,206
2445,Mexico,East,2012,Tap,,11,11,96.92,34237,57.23,51.16,34.01,2200,11.55,78
2446,Brazil,East,2019,Well,Filtration,34,67,20.68,69814,61.58,65.6,88.67,622,32.68,569
2447,Brazil,South,2005,Lake,Chlorination,1,67,90.33,31184,43.05,81.33,37.83,2272,15.43,258
2448,Indonesia,West,2010,Tap,Boiling,28,51,52.56,9036,71.72,21.06,48.09,1651,5.67,241
2449,Indonesia,Central,2022,River,Boiling,22,40,57.33,92341,20.49,15.34,41.33,1410,31.78,472
2450,India,South,2003,Tap,Boiling,32,77,10.24,90497,47.52,41.99,39.62,1966,0.1,632
2451,India,North,2019,Well,Filtration,49,58,37.79,3831,71.42,67.34,98.31,2602,8.2,338
2452,China,West,2015,Lake,Chlorination,17,57,17.31,70331,77.79,80.89,40.27,2359,25.41,888
2453,China,East,2006,Tap,Filtration,39,58,53.54,55800,24.79,12.78,66.27,2102,4.1,802
2454,USA,South,2021,Lake,Boiling,21,71,55.97,88863,18.15,73.44,79.63,840,10.23,145
2455,China,East,2010,River,Filtration,13,22,71.55,81998,28.85,16.03,23.36,1641,15.73,599
2456,Bangladesh,West,2023,Pond,Boiling,28,0,88.07,85727,92.02,56.45,90.53,776,15.86,752
2457,Indonesia,East,2000,River,,44,55,47.88,55518,12.91,37.53,32.23,225,38.91,776
2458,Ethiopia,South,2006,Pond,Filtration,14,74,24.87,81109,95.31,11.41,67.05,729,27.02,681
2459,Bangladesh,West,2011,Spring,,14,90,34.69,50191,99.48,17.77,71.29,1131,1.48,488
2460,Nigeria,North,2006,Pond,Filtration,44,3,85.01,54923,78.34,38.3,70.37,1989,8.85,70
2461,Brazil,South,2022,Spring,Boiling,3,28,16.29,48499,76.04,86.3,78.68,1139,24.66,96
2462,China,Central,2006,Tap,,35,16,63.47,10985,95.33,22.39,94.5,1775,28.54,522
2463,Brazil,South,2009,Spring,Filtration,4,48,3.28,13765,29.05,31.76,94.15,2837,15.22,632
2464,Mexico,West,2015,Lake,Boiling,2,82,26.08,67524,12.9,89.53,66.25,2065,34.26,168
2465,USA,South,2007,Spring,Filtration,11,50,59.96,33553,82.31,48.45,49.59,1510,37.74,976
2466,Mexico,North,2008,Lake,,19,48,46.73,6233,17.09,30.98,45.72,1665,24.56,408
2467,USA,North,2008,Pond,Filtration,43,23,50.37,56134,4.54,59.28,90.93,2411,22.5,755
2468,India,Central,2001,Pond,Filtration,19,43,66.74,50889,19.65,44.88,88.25,534,30.03,591
2469,Brazil,East,2012,Pond,,38,40,24.99,82532,43.79,78.66,43.67,2661,31.28,409
2470,USA,West,2012,Spring,Boiling,38,56,29.52,7426,49.51,10.64,32.19,1783,8.62,471
2471,Pakistan,West,2022,Pond,Filtration,0,55,69.08,44266,6.25,89.74,88.89,789,19.34,373
2472,Bangladesh,East,2022,Spring,Filtration,43,31,54.75,92111,44.34,15.3,68.67,2870,17.9,90
2473,USA,North,2003,Spring,Chlorination,2,30,3.43,2063,60.43,52.97,45.05,1566,37.66,723
2474,USA,North,2024,Well,Chlorination,46,15,67.69,81863,93.18,65.79,68.85,2530,4.47,102
2475,Bangladesh,South,2023,Well,Boiling,8,31,62.77,79927,22.73,53.99,25.3,2611,37.74,883
2476,Brazil,Central,2011,Spring,,19,41,9.7,25432,21.1,34.06,35.21,2501,22.9,81
2477,Brazil,Central,2016,Lake,Boiling,8,33,75.26,86974,38.94,78.43,63.66,1670,11.52,66
2478,Bangladesh,Central,2001,Tap,Boiling,30,98,53.17,74698,98.37,44.43,63.13,1121,34.77,532
2479,Mexico,South,2012,River,Boiling,45,36,22.07,85334,33.62,34.06,39.73,370,2.02,516
2480,Pakistan,Central,2017,Well,Filtration,27,15,56.82,16086,4.39,71.47,98.57,402,12.76,667
2481,Ethiopia,East,2014,Spring,Filtration,34,84,60.35,14526,26.56,21.67,52.99,2733,30.1,438
2482,Nigeria,South,2007,River,Boiling,39,12,92.17,35888,55.83,26.4,76.68,1864,33.11,669
2483,Pakistan,East,2014,Well,Boiling,37,81,74.73,11954,41.25,30.22,40.68,479,6.7,729
2484,Brazil,South,2000,Tap,Chlorination,43,65,31.59,75369,77.42,44.79,53.96,603,37.67,612
2485,Ethiopia,Central,2019,Lake,,1,32,13.58,37671,60.73,11.63,86.5,1231,2.15,608
2486,India,East,2009,Spring,Boiling,2,81,85.61,21543,55.95,89.34,87.89,997,17.34,407
2487,China,East,2011,Tap,Chlorination,13,91,84.91,17922,32.3,58.01,30.82,1605,3.9,469
2488,USA,East,2004,Well,Boiling,16,34,19.18,23451,55.18,87.66,48.37,2265,3.91,630
2489,Bangladesh,South,2008,Spring,,34,36,8.09,28943,61.56,74.6,36.25,2068,36.56,292
2490,Bangladesh,West,2022,River,Boiling,3,75,71.76,12242,17.92,20.74,91.22,1345,36.16,214
2491,USA,Central,2007,Pond,,46,39,72.81,30291,73.59,26.73,80.31,1349,24.61,985
2492,China,East,2015,Lake,Filtration,29,7,19.36,82474,39.29,12.76,65.06,2102,38.65,106
2493,Nigeria,West,2013,Well,,38,53,67.48,57765,74.23,76.7,72.01,1963,19.64,481
2494,China,Central,2024,Lake,Boiling,13,88,29.33,26377,17.77,57.48,93.13,794,31.31,469
2495,Ethiopia,Central,2012,Spring,Chlorination,47,6,27.54,40680,65.65,27.21,44.26,1620,3.89,274
2496,China,East,2022,Pond,Filtration,26,1,33.8,12603,2.69,87.61,21.09,688,15.82,278
2497,Ethiopia,East,2020,Tap,Chlorination,12,96,53.0,69503,15.9,68.94,22.11,2679,20.6,950
2498,China,South,2012,Lake,Boiling,19,55,80.84,1994,89.11,66.44,23.73,2435,31.13,273
2499,Nigeria,West,2004,River,Filtration,48,96,50.87,37401,46.15,31.36,30.28,1377,13.38,635
2500,Nigeria,West,2015,Well,Chlorination,48,56,31.21,69739,50.79,35.07,65.67,323,39.21,833
2501,Brazil,East,2010,River,Boiling,23,48,88.63,87285,90.76,63.44,98.49,2128,29.39,475
2502,USA,Central,2021,Lake,Chlorination,9,86,7.4,48767,48.49,57.48,53.59,806,21.32,740
2503,Nigeria,East,2004,Pond,,6,68,80.11,49834,65.46,61.78,76.99,321,13.23,754
2504,Ethiopia,Central,2012,Tap,,16,77,78.87,34504,22.2,80.31,83.37,1294,25.68,618
2505,Nigeria,Central,2010,Tap,Boiling,21,7,26.85,94833,8.16,22.83,84.11,1104,26.92,16
2506,Brazil,East,2024,River,Chlorination,43,83,21.43,12927,35.34,19.31,55.46,2351,27.17,598
2507,Bangladesh,North,2018,Spring,Boiling,10,62,87.72,42080,79.87,55.17,64.0,2913,23.45,137
2508,Ethiopia,West,2002,Spring,Chlorination,41,81,56.77,49106,44.68,50.01,46.3,872,16.02,408
2509,Brazil,Central,2014,Pond,Filtration,22,86,6.51,59388,16.82,42.23,75.03,1384,32.67,193
2510,Mexico,Central,2006,Tap,Boiling,21,92,89.3,96194,54.51,82.38,50.63,1088,10.33,625
2511,Mexico,North,2006,River,Boiling,39,70,36.2,66270,26.38,54.67,44.89,1915,25.02,93
2512,India,South,2005,River,Chlorination,46,87,35.53,572,94.67,55.38,70.18,1903,18.87,449
2513,China,North,2002,River,Boiling,17,45,65.04,95179,57.74,39.31,47.3,1277,35.71,814
2514,USA,North,2012,Lake,Filtration,44,88,66.81,22651,98.3,37.53,52.64,2699,23.62,585
2515,Indonesia,Central,2006,Pond,Chlorination,25,77,36.62,67825,4.31,89.01,76.87,2998,34.23,242
2516,Pakistan,West,2004,Spring,Chlorination,47,66,16.04,58471,1.16,59.85,88.27,2089,38.13,538
2517,Brazil,North,2022,Spring,Chlorination,29,45,56.12,37291,47.71,76.01,54.78,760,5.08,102
2518,Bangladesh,South,2017,Lake,Filtration,12,77,63.27,60510,86.2,45.8,61.78,2095,22.21,798
2519,Pakistan,East,2021,Well,Filtration,3,66,86.3,78040,52.44,25.35,79.71,2893,35.36,599
2520,Bangladesh,North,2007,Lake,Boiling,42,41,49.48,11031,87.62,35.99,38.0,1356,34.88,486
2521,Pakistan,North,2016,Pond,Chlorination,26,63,65.28,31848,13.06,37.69,53.2,1178,7.84,370
2522,Brazil,South,2019,River,Filtration,39,72,7.33,77587,69.93,55.19,84.92,345,19.25,120
2523,Indonesia,West,2000,Lake,,9,52,89.66,35528,65.99,22.37,91.56,1354,8.92,351
2524,Pakistan,North,2013,River,Boiling,43,70,34.07,37530,54.5,40.96,71.59,2761,35.87,317
2525,Brazil,North,2016,Pond,Filtration,27,89,63.96,32292,40.51,18.05,51.47,1288,0.13,426
2526,Nigeria,West,2009,Pond,Filtration,20,6,91.77,7888,64.71,49.72,68.47,2026,8.74,86
2527,Indonesia,South,2011,Tap,Filtration,10,6,81.43,56197,55.01,85.79,34.31,1035,16.36,755
2528,Ethiopia,North,2015,River,Boiling,19,35,64.49,40724,27.26,37.11,22.34,527,8.85,616
2529,Bangladesh,West,2013,Spring,Filtration,35,12,70.95,47459,10.46,13.98,25.97,2675,38.94,277
2530,Mexico,North,2015,Lake,Filtration,18,66,92.25,26044,38.66,58.7,28.65,2581,9.76,361
2531,China,East,2007,Pond,,9,19,81.59,41638,51.24,60.78,38.05,1521,14.49,55
2532,Mexico,Central,2022,River,,14,72,61.77,23198,50.85,48.37,56.94,825,6.96,335
2533,Indonesia,East,2009,Well,,44,52,66.55,68087,42.56,41.75,38.58,2644,37.07,468
2534,Ethiopia,North,2016,Tap,Filtration,44,85,16.43,86851,32.74,81.41,66.8,733,16.45,391
2535,Bangladesh,South,2017,Well,,17,51,48.08,58038,35.05,85.07,99.86,256,10.47,224
2536,Ethiopia,Central,2019,Pond,Chlorination,6,96,31.5,47547,26.58,63.85,59.85,893,9.84,848
2537,Pakistan,East,2015,Well,,29,60,44.33,77045,57.99,50.1,80.55,2703,23.42,450
2538,Bangladesh,West,2016,Well,,13,86,66.9,4128,84.99,15.4,43.39,317,39.11,797
2539,Pakistan,South,2015,Tap,Filtration,36,86,16.62,40902,87.97,34.08,97.03,1819,38.97,589
2540,Brazil,East,2018,Tap,Chlorination,40,89,3.7,42691,99.37,32.81,39.93,2803,39.27,350
2541,Indonesia,West,2023,Tap,,29,95,40.9,35227,8.88,14.66,67.73,764,15.47,309
2542,Brazil,North,2023,Tap,Filtration,26,60,33.57,34794,21.43,77.47,98.67,695,36.58,295
2543,India,West,2007,Well,Chlorination,48,55,43.2,24723,73.02,79.36,84.66,2085,17.78,418
2544,Ethiopia,East,2005,Spring,,36,91,93.26,28148,64.52,82.99,99.36,1000,20.42,808
2545,Pakistan,East,2005,Spring,Filtration,47,93,71.29,96740,13.39,69.34,50.38,1735,20.8,648
2546,Nigeria,North,2020,Tap,Chlorination,40,39,34.09,72965,63.1,66.84,26.21,840,2.54,395
2547,Brazil,West,2008,Lake,,16,80,19.57,64474,40.65,48.23,39.48,362,7.08,477
2548,India,West,2003,River,Chlorination,29,62,62.61,4019,95.69,78.59,96.61,450,35.44,503
2549,USA,North,2011,Pond,Chlorination,17,56,66.44,84115,85.52,50.81,49.65,843,35.85,754
2550,Mexico,West,2011,Lake,Filtration,2,81,49.4,22780,7.32,12.37,29.98,528,8.08,703
2551,Bangladesh,North,2022,Pond,Boiling,27,88,22.85,90410,9.0,56.79,67.45,2365,12.11,535
2552,India,South,2016,Lake,Chlorination,36,3,4.8,56118,41.71,41.24,60.03,568,33.19,623
2553,Indonesia,East,2014,Lake,Chlorination,29,25,28.03,47339,0.84,51.7,25.0,2995,8.17,160
2554,Brazil,South,2008,Spring,Chlorination,20,94,46.8,45579,9.44,45.26,56.24,1338,35.23,846
2555,Indonesia,Central,2006,River,Chlorination,48,61,79.22,876,93.26,49.74,70.63,394,32.93,701
2556,Mexico,Central,2009,Lake,Chlorination,19,75,85.67,1278,79.24,18.69,38.62,2853,32.3,900
2557,Nigeria,Central,2015,Tap,Boiling,21,53,42.47,36611,67.27,11.16,29.96,923,35.67,988
2558,Ethiopia,North,2011,Pond,Filtration,35,61,80.02,80464,83.02,37.21,89.18,1862,35.48,187
2559,Ethiopia,West,2024,Spring,Boiling,35,17,99.35,22876,25.01,30.36,70.04,337,36.69,976
2560,Indonesia,South,2006,Pond,Filtration,20,9,72.23,4095,72.56,30.0,32.42,1883,35.18,734
2561,Pakistan,South,2017,Tap,Boiling,23,35,73.4,80097,61.56,84.97,70.33,1519,24.28,554
2562,Nigeria,South,2014,Tap,Filtration,20,1,91.13,80492,84.86,75.52,78.82,355,6.31,989
2563,Ethiopia,South,2005,Lake,,6,59,35.14,19383,28.27,11.07,67.8,1258,24.37,18
2564,Nigeria,Central,2011,Tap,Chlorination,7,88,3.1,79223,76.37,10.7,29.29,718,37.69,360
2565,India,South,2010,River,Filtration,21,46,98.72,83006,85.27,72.15,29.98,381,38.71,785
2566,Nigeria,West,2019,Tap,Filtration,21,72,50.07,73525,54.9,88.79,23.61,2216,29.14,212
2567,China,Central,2002,Lake,Chlorination,29,31,79.0,52651,41.38,47.22,38.72,369,27.75,272
2568,Mexico,South,2001,Pond,,33,68,81.62,32677,94.87,44.65,24.77,2744,37.54,158
2569,Ethiopia,North,2005,Tap,Chlorination,28,50,40.96,97462,16.9,32.07,84.42,1517,11.65,101
2570,Nigeria,East,2023,Spring,Filtration,9,66,55.04,72780,3.63,63.33,21.23,1946,6.04,574
2571,Indonesia,East,2021,Spring,Filtration,4,80,54.91,74837,17.91,47.73,66.48,1587,11.6,536
2572,USA,East,2024,Spring,Chlorination,48,76,23.58,60020,68.35,23.4,84.79,2960,37.96,465
2573,China,Central,2004,Pond,Boiling,38,66,13.53,76728,78.89,48.51,91.59,1560,8.49,573
2574,China,South,2017,Well,Chlorination,33,91,55.27,58650,71.68,40.11,52.76,2249,8.99,469
2575,Pakistan,Central,2015,Spring,Filtration,37,67,13.77,84903,41.99,81.18,69.67,622,7.72,462
2576,Nigeria,West,2007,Spring,Filtration,9,81,35.92,47186,96.76,71.73,96.09,2721,19.39,209
2577,Pakistan,North,2024,Well,Filtration,8,55,20.24,55447,44.43,66.1,73.73,345,31.86,46
2578,Pakistan,North,2019,Pond,,31,98,71.28,31726,98.13,36.17,92.09,2573,15.27,983
2579,USA,East,2021,Spring,Chlorination,4,13,87.46,63926,91.81,21.17,74.74,787,4.0,397
2580,India,East,2010,Lake,,34,15,58.64,40752,40.71,79.17,25.44,429,29.61,868
2581,Nigeria,East,2009,Pond,Chlorination,10,75,42.2,16323,16.1,37.42,35.75,2141,24.39,600
2582,Brazil,South,2023,Spring,,41,74,99.67,26427,8.98,57.44,95.24,2069,19.17,989
2583,Ethiopia,West,2024,Spring,Boiling,15,65,4.08,66144,53.15,57.27,87.54,1492,38.56,838
2584,Pakistan,West,2011,Well,Filtration,26,32,31.83,25601,76.32,84.24,53.82,784,18.82,671
2585,Mexico,West,2020,Lake,Filtration,19,12,29.31,67534,17.6,23.74,32.89,2865,29.3,442
2586,Bangladesh,West,2005,Pond,Chlorination,0,29,36.91,97147,31.82,71.73,32.57,2983,6.34,557
2587,Mexico,East,2019,Tap,Filtration,25,25,24.6,48276,63.05,47.01,92.39,1441,16.66,103
2588,USA,North,2004,River,,10,81,27.9,51319,46.09,23.98,33.3,1152,8.49,874
2589,USA,East,2022,Lake,Boiling,14,12,27.25,52836,60.39,76.85,50.9,1584,13.93,200
2590,Indonesia,West,2008,Tap,,38,67,51.56,87367,67.64,75.61,92.06,2928,19.19,485
2591,India,East,2015,Lake,,39,32,40.32,58449,38.07,13.21,22.67,1588,6.98,175
2592,Ethiopia,West,2021,Tap,Chlorination,47,14,64.65,59468,78.6,66.76,70.46,305,32.12,49
2593,Pakistan,Central,2013,Tap,Filtration,17,16,52.41,49273,70.29,22.28,48.05,1856,15.04,73
2594,Mexico,North,2021,Lake,,23,5,19.98,73464,68.76,58.83,28.62,2021,35.86,461
2595,Bangladesh,Central,2007,Well,Chlorination,27,4,81.38,89281,14.95,61.5,65.4,484,26.99,705
2596,USA,South,2019,Lake,,24,32,48.28,54054,47.42,63.22,58.79,795,7.06,791
2597,USA,East,2018,Lake,,22,53,17.02,30081,57.72,19.61,27.94,725,25.68,651
2598,India,South,2013,Tap,,10,15,18.35,99861,22.64,57.87,41.38,1076,0.93,760
2599,Bangladesh,East,2006,River,Chlorination,32,45,80.1,88732,75.86,17.99,79.23,2427,32.3,391
2600,Bangladesh,Central,2004,Tap,Boiling,15,23,70.89,18252,12.11,69.64,80.47,1262,38.97,456
2601,India,West,2017,Spring,,35,4,51.64,24986,14.99,15.1,67.89,2759,27.11,284
2602,USA,West,2001,Lake,,22,66,32.0,97925,41.33,70.62,28.84,1406,37.06,87
2603,Ethiopia,East,2010,Pond,Chlorination,5,98,47.13,80903,13.53,80.68,88.25,751,11.79,848
2604,Nigeria,West,2021,Lake,Filtration,42,90,64.38,54285,1.16,33.88,33.82,1888,16.94,134
2605,Nigeria,Central,2007,Well,Boiling,23,75,88.17,81641,41.14,72.26,77.68,963,16.98,530
2606,India,West,2000,Pond,Chlorination,37,49,56.48,98120,64.86,43.4,23.41,2988,4.48,298
2607,Bangladesh,Central,2021,Tap,Filtration,41,40,29.12,53390,49.51,73.82,46.55,1216,31.86,136
2608,Pakistan,South,2011,Well,Chlorination,5,88,6.19,26003,5.22,64.9,58.27,2720,19.8,225
2609,India,Central,2001,Lake,Chlorination,9,54,19.19,69661,23.25,33.13,22.24,665,19.62,637
2610,Ethiopia,North,2017,Tap,Boiling,21,80,65.72,22084,52.43,25.5,33.72,2153,26.74,838
2611,India,North,2006,Tap,Boiling,22,19,17.72,52388,73.81,83.18,45.51,1535,6.84,115
2612,China,North,2016,Spring,Boiling,4,91,49.19,42164,79.39,77.12,98.6,501,32.41,500
2613,Mexico,East,2021,Spring,Boiling,27,49,70.5,58126,51.94,62.79,82.36,895,14.63,734
2614,Bangladesh,East,2022,River,Filtration,8,34,32.21,12521,64.61,37.95,87.26,2965,3.19,565
2615,Indonesia,East,2013,Spring,,38,49,67.57,86103,90.34,50.84,73.4,658,7.61,586
2616,Indonesia,Central,2023,Pond,Chlorination,48,78,58.95,82908,6.52,54.63,43.39,2146,10.11,606
2617,Bangladesh,East,2006,Tap,Boiling,43,32,45.02,11798,9.92,16.89,76.76,2337,7.12,66
2618,Ethiopia,South,2021,Spring,,27,66,89.93,24345,45.79,87.78,73.9,2363,9.69,753
2619,China,North,2024,River,Filtration,24,70,69.82,60697,60.97,17.35,68.8,2922,39.83,289
2620,China,Central,2002,Lake,Boiling,42,9,37.34,74397,0.46,67.73,43.87,2647,21.51,623
2621,USA,North,2005,Pond,Chlorination,37,89,80.82,45476,45.25,49.42,41.06,1723,24.12,181
2622,Mexico,East,2019,Spring,,26,40,74.33,73186,17.28,70.79,46.9,1883,6.64,114
2623,Nigeria,Central,2001,Tap,Boiling,23,39,79.59,43052,64.51,30.87,44.99,2006,1.76,973
2624,Brazil,West,2016,Lake,Chlorination,42,5,64.81,46423,26.77,41.61,26.23,309,12.41,15
2625,Ethiopia,South,2011,Tap,,42,32,39.18,42025,90.19,52.04,84.18,2447,30.79,972
2626,Brazil,East,2011,Lake,Chlorination,45,15,36.16,42877,6.38,19.66,49.54,991,22.35,43
2627,Brazil,East,2016,Pond,Filtration,15,23,66.11,40623,80.92,78.15,76.53,2839,0.43,930
2628,Bangladesh,South,2009,Tap,Boiling,1,93,14.83,93979,39.23,89.32,42.39,1186,31.55,894
2629,Indonesia,South,2002,Spring,Boiling,1,59,82.35,90996,85.72,43.41,68.16,1443,4.16,548
2630,Indonesia,West,2019,Spring,Chlorination,4,73,38.29,47467,81.51,40.15,22.77,272,17.62,539
2631,Nigeria,East,2017,River,,45,10,63.78,11337,23.93,57.53,28.48,1077,39.98,526
2632,Bangladesh,East,2012,Lake,Boiling,20,43,50.91,20019,5.06,65.09,49.16,2964,4.85,639
2633,Brazil,North,2011,River,Chlorination,9,85,52.89,86596,69.55,79.49,41.5,2682,32.6,481
2634,Pakistan,Central,2016,Well,Filtration,41,2,74.32,23807,20.44,39.83,48.27,1895,31.97,617
2635,Indonesia,Central,2003,Spring,Boiling,17,37,63.41,82399,93.05,71.19,94.46,791,17.8,734
2636,Ethiopia,North,2022,Lake,Chlorination,25,39,26.53,20140,6.72,29.21,25.91,314,39.53,264
2637,Ethiopia,Central,2009,Pond,,19,86,9.27,97216,32.4,64.44,57.02,224,12.32,565
2638,USA,South,2010,River,Boiling,40,18,84.34,24396,1.26,47.34,35.86,2424,12.63,875
2639,India,Central,2005,Pond,Boiling,35,39,88.72,63501,31.7,62.93,48.47,1502,6.1,614
2640,Pakistan,Central,2005,Pond,Filtration,48,52,18.12,57115,54.13,40.38,74.16,2540,14.79,256
2641,Indonesia,North,2008,Pond,Chlorination,20,76,32.33,12132,65.49,33.55,97.84,1443,11.86,782
2642,China,West,2014,River,,1,35,29.67,88862,72.64,48.88,75.58,1226,24.18,326
2643,Indonesia,Central,2001,Well,Filtration,45,66,93.87,21716,83.35,81.61,90.79,514,1.63,260
2644,USA,Central,2003,River,Filtration,32,85,22.07,10624,11.08,63.99,31.78,1630,12.41,763
2645,Ethiopia,West,2004,Tap,Filtration,22,88,18.32,28237,76.19,58.93,34.51,1768,0.19,357
2646,Brazil,North,2016,Spring,Chlorination,38,19,19.82,30635,27.84,67.59,90.14,2941,0.25,655
2647,China,West,2007,River,Chlorination,30,27,73.53,68612,13.82,68.33,68.6,2798,32.81,84
2648,Bangladesh,North,2007,River,Boiling,3,56,89.03,35339,26.57,33.58,83.37,2310,29.99,816
2649,Mexico,South,2021,Well,Chlorination,40,2,40.55,20013,85.8,28.62,37.83,1312,29.77,249
2650,Brazil,North,2011,Tap,Filtration,2,85,15.34,44509,62.74,50.73,47.89,302,14.15,145
2651,Mexico,South,2020,River,Chlorination,36,36,59.4,4784,59.74,21.83,26.48,2076,27.97,236
2652,Pakistan,South,2007,Spring,,9,17,22.57,36803,58.46,47.98,91.65,1922,10.26,468
2653,India,North,2018,Spring,Boiling,41,83,8.29,39633,40.86,65.44,96.51,358,12.38,605
2654,China,East,2002,River,Filtration,31,45,88.85,82319,41.7,10.59,88.6,2808,22.5,901
2655,Nigeria,North,2017,Pond,Boiling,35,4,87.34,15798,14.83,18.89,54.97,933,27.98,767
2656,China,Central,2020,Pond,Chlorination,48,72,97.64,852,33.26,86.97,47.29,558,10.63,764
2657,Indonesia,Central,2018,Tap,Boiling,26,92,48.45,3622,51.2,84.24,57.01,2228,27.17,948
2658,Ethiopia,East,2018,Spring,Boiling,48,80,30.81,5707,60.6,43.43,71.01,2947,38.5,95
2659,Indonesia,South,2014,Pond,Chlorination,18,75,77.44,31441,7.16,57.2,54.52,964,19.75,946
2660,Indonesia,East,2005,Spring,Boiling,37,56,19.69,48091,33.38,22.42,53.73,2737,16.28,469
2661,Pakistan,Central,2015,Tap,Chlorination,0,25,25.84,18915,33.94,36.48,54.48,391,9.3,121
2662,Brazil,East,2007,Tap,Filtration,25,32,27.06,39093,51.51,73.43,79.57,443,14.25,78
2663,Nigeria,North,2015,Pond,Boiling,45,96,95.26,70080,71.0,78.48,82.94,1133,21.15,371
2664,Nigeria,East,2017,River,,12,35,73.52,45656,63.52,42.42,89.64,782,37.76,295
2665,Indonesia,South,2019,Lake,,34,92,15.1,37888,57.09,34.88,39.44,1300,10.43,452
2666,Mexico,North,2015,Well,Filtration,1,21,11.1,67206,29.14,64.53,32.6,932,9.26,160
2667,Pakistan,West,2010,Lake,Chlorination,21,81,84.6,81541,83.91,67.43,47.61,1999,38.42,519
2668,Indonesia,Central,2006,Lake,Chlorination,38,16,80.62,6140,78.53,88.7,53.64,980,24.23,493
2669,India,Central,2016,Spring,Boiling,27,43,67.76,59972,18.36,65.79,76.15,993,29.41,450
2670,Ethiopia,East,2016,Tap,Boiling,43,51,21.22,38185,65.51,29.21,80.63,1202,33.19,930
2671,Brazil,North,2011,Spring,,1,87,49.07,87665,90.67,14.8,98.73,2980,3.27,185
2672,Bangladesh,West,2012,Pond,,10,21,61.07,77861,43.56,30.61,50.26,290,19.39,719
2673,India,North,2009,Well,Chlorination,47,68,93.35,26681,92.48,28.13,52.2,2815,5.6,563
2674,Mexico,Central,2006,Pond,,36,0,18.6,40574,2.2,17.43,63.37,2635,24.97,38
2675,China,North,2013,River,Chlorination,25,82,52.51,47530,51.62,45.55,85.63,1841,38.15,606
2676,China,West,2022,Well,Filtration,27,29,17.46,11625,25.63,33.05,72.87,2127,2.25,848
2677,India,East,2000,Spring,Filtration,25,38,45.5,6301,26.22,84.01,65.81,635,10.96,750
2678,Indonesia,South,2016,Spring,,16,78,21.61,56397,87.75,42.31,71.85,2028,39.99,694
2679,Bangladesh,North,2003,Pond,Boiling,2,34,83.95,48766,31.15,80.13,57.16,2116,0.22,562
2680,USA,South,2020,Spring,,13,68,26.96,90683,2.33,34.54,80.72,246,5.58,722
2681,USA,Central,2004,Spring,,15,69,42.88,2792,53.97,76.52,26.02,1169,3.23,840
2682,Mexico,East,2019,Lake,,48,88,41.96,15477,97.09,46.36,60.72,2554,30.56,384
2683,Indonesia,East,2023,River,Boiling,35,10,86.9,42693,7.91,12.59,84.53,313,30.04,440
2684,Nigeria,North,2022,Lake,,27,50,76.26,95245,28.63,48.96,44.2,1281,31.1,621
2685,Nigeria,East,2024,Spring,Boiling,27,62,7.64,45887,46.95,28.14,87.47,243,30.99,394
2686,Brazil,North,2006,Tap,,24,85,8.57,94194,83.05,34.6,82.63,2601,33.41,360
2687,Bangladesh,North,2009,Lake,Boiling,8,33,56.02,29464,26.89,64.75,66.45,2002,30.92,925
2688,Bangladesh,South,2016,Spring,Boiling,10,54,43.92,58573,34.37,52.36,40.17,1235,19.34,229
2689,China,East,2006,Spring,Boiling,36,77,29.01,90647,38.45,81.09,88.89,593,29.82,503
2690,Pakistan,North,2000,River,Boiling,42,72,79.68,47107,37.96,84.88,22.4,2964,23.9,156
2691,Mexico,South,2006,Pond,Boiling,44,19,14.61,71233,20.03,65.28,67.4,1789,14.66,586
2692,USA,West,2023,Well,Filtration,20,79,97.46,33077,91.57,79.08,82.61,959,33.46,614
2693,Mexico,South,2010,Lake,Chlorination,1,57,4.36,24072,79.29,25.61,58.83,1637,31.52,211
2694,Nigeria,South,2008,Lake,Chlorination,33,80,13.59,79994,97.56,16.34,28.23,2134,6.94,813
2695,Nigeria,North,2011,Lake,Boiling,41,16,32.51,41704,37.1,36.64,86.72,1725,0.98,928
2696,India,Central,2002,Spring,Chlorination,12,33,51.9,69502,4.53,36.06,92.73,1871,12.64,731
2697,Brazil,Central,2003,River,Boiling,4,74,23.18,77995,11.55,63.21,65.06,429,16.15,422
2698,Bangladesh,Central,2003,Spring,,10,98,74.15,64041,35.75,77.23,82.97,555,6.97,229
2699,Ethiopia,South,2024,Spring,Filtration,28,61,37.04,38480,91.11,33.75,68.86,2671,34.21,821
2700,Mexico,North,2012,Pond,,46,33,5.78,57772,98.11,43.98,65.86,699,1.34,392
2701,Nigeria,East,2022,Tap,,27,99,88.02,6445,82.2,18.4,30.46,1996,19.34,784
2702,Pakistan,South,2018,River,Boiling,27,71,94.5,98072,23.84,43.02,54.94,1703,2.22,936
2703,China,South,2009,Lake,,4,18,62.62,22379,65.97,27.15,74.3,219,21.47,559
2704,USA,North,2004,Well,Filtration,19,96,81.04,6819,59.66,40.6,56.36,414,18.55,626
2705,Brazil,West,2006,Lake,,36,86,13.87,45745,82.33,31.31,69.42,943,31.21,260
2706,Pakistan,South,2023,Spring,Filtration,38,65,28.34,51433,50.97,74.7,91.58,2741,27.59,971
2707,Brazil,West,2015,River,Filtration,9,71,33.87,27930,31.81,10.33,49.3,2365,33.76,775
2708,India,West,2000,River,Boiling,31,92,96.15,26291,1.93,37.1,86.28,2808,21.77,984
2709,Ethiopia,Central,2011,River,Filtration,28,41,52.2,50267,79.5,87.54,22.32,1854,32.9,287
2710,Nigeria,North,2001,Tap,,1,50,2.73,86583,53.02,64.32,88.21,1673,28.77,758
2711,China,West,2006,Lake,Boiling,0,70,39.26,80695,53.42,71.77,28.53,1882,31.18,724
2712,Pakistan,North,2010,Tap,Filtration,19,48,2.76,22158,95.71,78.79,45.72,462,24.03,63
2713,Brazil,Central,2012,Pond,Filtration,0,28,25.3,91065,48.62,38.95,61.08,2176,28.78,447
2714,Bangladesh,North,2001,Well,Chlorination,3,94,46.56,64213,31.58,15.28,72.0,535,16.07,220
2715,India,South,2006,Pond,Boiling,14,29,33.69,80475,33.98,42.86,96.25,721,3.4,527
2716,Bangladesh,West,2014,Spring,Chlorination,46,98,5.21,21445,1.17,62.22,44.56,1356,16.66,210
2717,China,North,2024,Tap,Filtration,29,24,13.4,72607,12.24,39.66,26.83,1216,6.94,967
2718,Pakistan,East,2010,Tap,Chlorination,5,67,55.99,73172,4.38,45.87,56.71,2451,25.18,885
2719,India,North,2001,Pond,,37,61,70.17,11181,24.33,76.04,47.62,1183,10.53,806
2720,Pakistan,West,2006,Spring,,0,37,41.65,48327,6.47,12.9,68.01,1759,38.33,52
2721,Nigeria,Central,2003,River,Filtration,6,16,73.69,42609,33.11,36.78,93.82,2902,10.85,716
2722,Indonesia,Central,2010,Spring,Chlorination,4,73,18.01,86126,12.61,49.07,71.47,2463,3.93,257
2723,India,West,2001,Lake,Chlorination,48,0,13.96,5655,91.79,33.93,66.24,433,35.22,374
2724,Bangladesh,South,2015,Pond,Boiling,6,17,84.27,24289,93.84,45.67,39.69,1790,16.58,327
2725,China,South,2006,Spring,,35,62,35.24,62072,60.35,42.14,41.18,601,14.23,790
2726,Ethiopia,Central,2012,River,,2,45,44.36,30063,80.55,83.91,54.89,1906,35.42,504
2727,Nigeria,Central,2004,Spring,Boiling,11,18,94.86,22230,67.72,49.45,91.3,2732,26.14,380
2728,Indonesia,West,2016,Tap,,14,49,43.56,79750,81.11,48.11,66.36,589,21.29,713
2729,Ethiopia,South,2020,Well,Chlorination,19,95,2.34,29567,63.98,30.36,59.57,372,13.09,568
2730,USA,Central,2011,Tap,Chlorination,40,53,93.92,92749,43.02,13.71,63.4,706,11.7,197
2731,Nigeria,South,2018,Well,,20,30,3.38,47858,87.38,33.96,86.7,2391,23.18,280
2732,China,Central,2006,Spring,Boiling,31,96,66.9,48559,43.81,12.18,74.23,446,20.06,782
2733,Brazil,North,2005,Lake,Filtration,11,85,33.64,16966,39.62,76.14,94.19,2788,11.04,590
2734,India,East,2007,Spring,Filtration,36,64,48.1,59367,62.44,26.34,66.54,2567,7.36,267
2735,Pakistan,North,2012,River,Filtration,39,45,55.63,56446,93.79,82.9,35.68,884,32.72,635
2736,China,Central,2004,Spring,Filtration,46,34,42.03,44840,44.22,80.87,21.5,2481,27.51,815
2737,India,East,2001,Well,Chlorination,6,48,77.89,44039,57.49,63.18,45.37,761,39.73,251
2738,Ethiopia,East,2008,Tap,Filtration,44,80,93.21,38204,49.23,79.0,25.02,2745,20.63,103
2739,Pakistan,Central,2010,Lake,Chlorination,30,33,10.47,50759,90.97,80.23,52.57,2914,39.78,703
2740,Mexico,Central,2023,Spring,Chlorination,0,28,80.42,68110,67.67,72.11,35.03,2859,18.43,517
2741,Bangladesh,South,2005,Spring,Filtration,10,5,14.61,65002,41.96,50.63,52.39,1642,21.4,997
2742,USA,Central,2006,Tap,Filtration,44,0,9.87,24621,60.69,86.0,51.94,2839,8.36,304
2743,Nigeria,West,2024,Lake,Filtration,33,54,95.67,70510,15.61,75.42,42.1,2788,5.98,489
2744,China,Central,2006,Pond,,18,26,49.95,43384,34.19,20.16,72.23,261,37.61,774
2745,USA,West,2018,Spring,,10,11,16.96,31612,73.62,43.59,54.67,1294,39.25,29
2746,Brazil,Central,2005,Spring,Boiling,32,3,57.86,98624,56.24,53.18,91.48,2118,21.9,771
2747,India,South,2010,Pond,Chlorination,32,79,27.8,74608,31.43,52.35,26.09,2025,10.89,413
2748,India,West,2010,Well,Filtration,7,51,47.5,1136,36.23,40.36,52.85,1143,38.06,806
2749,China,North,2006,Well,,44,10,63.22,1299,80.98,52.53,82.08,2892,31.87,428
2750,Indonesia,West,2001,River,Boiling,7,51,87.19,98729,54.09,17.44,59.56,316,7.19,425
2751,Indonesia,South,2018,Tap,Chlorination,33,83,2.3,53664,23.88,62.42,97.29,2757,11.93,538
2752,Mexico,West,2003,Lake,Chlorination,39,25,22.99,27631,29.68,49.82,33.99,1743,0.17,893
2753,Bangladesh,Central,2005,Spring,Chlorination,26,27,11.43,49934,46.79,73.01,45.28,1423,23.28,572
2754,Pakistan,Central,2016,Spring,,28,71,11.52,86729,76.28,65.47,29.29,2802,21.06,145
2755,Brazil,South,2024,River,Filtration,13,65,94.69,91791,99.74,19.02,39.74,1188,6.56,670
2756,USA,East,2004,Spring,Filtration,33,89,93.74,56325,18.58,38.06,73.8,1915,13.57,672
2757,Indonesia,Central,2006,Tap,Chlorination,44,26,75.43,33884,75.49,68.9,58.96,2797,37.57,124
2758,Mexico,North,2008,River,Chlorination,36,96,65.02,68124,61.72,36.95,32.97,2584,25.96,956
2759,Mexico,South,2024,Tap,Boiling,0,54,85.1,20757,53.12,55.35,57.98,383,34.52,868
2760,China,West,2000,River,Boiling,8,70,7.72,57324,96.65,86.9,87.79,1653,33.53,783
2761,Brazil,West,2000,Spring,Chlorination,9,53,13.71,54266,32.28,16.39,55.19,2527,36.83,515
2762,Ethiopia,North,2018,River,Boiling,29,45,33.08,26104,17.7,25.22,21.06,1936,1.66,189
2763,Pakistan,Central,2005,Well,,42,35,83.58,67080,87.76,48.45,24.39,2186,10.5,657
2764,Bangladesh,South,2017,Lake,Chlorination,17,20,48.28,83065,6.87,69.07,55.05,1523,16.62,620
2765,Nigeria,North,2009,Spring,Boiling,16,48,51.35,83360,81.71,36.41,67.46,715,25.6,334
2766,China,Central,2010,Pond,Chlorination,5,33,24.47,45797,58.92,19.4,90.92,2237,24.33,810
2767,Pakistan,South,2000,Lake,Filtration,10,86,65.54,95638,16.4,35.26,98.56,318,9.84,199
2768,Nigeria,West,2000,Spring,,23,33,89.01,96861,22.74,61.55,98.43,991,7.71,970
2769,Nigeria,South,2012,Lake,Chlorination,35,39,34.29,2166,15.58,73.4,64.63,2681,17.5,200
2770,Brazil,East,2004,Well,Filtration,32,6,62.68,35732,71.83,88.16,22.86,2210,10.02,737
2771,Brazil,South,2019,Lake,Chlorination,32,89,34.53,537,14.73,70.91,37.08,1625,38.6,681
2772,USA,East,2000,River,Filtration,17,51,79.69,86851,68.14,49.38,54.75,867,38.62,832
2773,Mexico,South,2019,Lake,Boiling,4,48,48.55,43620,12.82,33.41,90.37,1636,4.53,298
2774,Pakistan,East,2002,Spring,Filtration,30,80,35.27,87427,80.23,84.2,21.72,2576,28.2,175
2775,China,West,2017,Pond,,15,94,43.16,28492,91.95,52.74,60.75,302,9.13,267
2776,India,Central,2008,Pond,,1,88,10.94,56890,55.93,65.1,72.28,1070,28.7,245
2777,China,East,2013,Tap,Boiling,8,36,86.88,17147,96.62,47.8,43.06,1564,30.68,730
2778,USA,East,2016,Lake,Chlorination,1,61,95.89,62838,39.04,29.37,45.25,2164,1.93,403
2779,Bangladesh,West,2022,Pond,,36,14,48.79,23411,24.46,53.76,51.07,2126,27.81,750
2780,Mexico,East,2013,Lake,Boiling,19,1,23.69,39154,17.73,77.19,41.97,1268,35.87,494
2781,India,North,2003,Pond,,16,10,67.14,97542,47.9,40.67,54.98,2592,8.65,587
2782,Indonesia,West,2004,Lake,Boiling,24,95,46.33,26490,13.07,63.5,32.65,2657,4.62,469
2783,Bangladesh,North,2020,Spring,,18,93,26.73,18637,87.58,13.39,35.95,1805,22.67,494
2784,Brazil,West,2016,Lake,Boiling,41,16,5.77,25637,78.48,84.92,22.97,248,20.7,743
2785,Nigeria,East,2021,Spring,,7,87,89.19,64460,56.21,87.59,52.91,318,35.43,24
2786,Indonesia,North,2024,Spring,Chlorination,10,44,80.08,53234,72.15,40.9,76.59,1051,18.04,480
2787,China,East,2001,Tap,Filtration,12,67,83.24,38776,5.0,49.87,60.49,1625,16.54,893
2788,China,West,2022,Pond,,12,60,45.1,75993,20.35,22.85,62.45,667,28.56,987
2789,Brazil,East,2021,River,Boiling,8,45,75.82,86576,62.12,25.7,56.0,1753,3.1,838
2790,USA,North,2004,Spring,Chlorination,4,31,58.96,6361,47.75,58.17,66.79,246,2.28,680
2791,Pakistan,North,2003,Pond,,17,18,38.73,45001,60.46,60.16,38.37,200,20.2,254
2792,Indonesia,East,2003,Well,Boiling,39,66,84.59,97673,8.9,37.33,36.6,360,3.56,260
2793,Indonesia,South,2005,Lake,Filtration,13,3,99.88,44716,65.24,39.92,95.36,1518,37.57,175
2794,Ethiopia,West,2019,Well,Boiling,33,24,90.13,98794,80.36,50.5,56.03,823,26.17,678
2795,Bangladesh,West,2020,Lake,,21,72,78.07,32446,54.63,85.18,86.17,222,30.15,513
2796,Mexico,East,2012,Tap,Boiling,47,20,75.26,52755,35.74,21.97,93.35,1493,9.15,215
2797,Bangladesh,South,2021,Spring,Boiling,32,86,65.72,80301,17.46,54.12,69.19,2723,19.76,130
2798,Pakistan,North,2004,River,Filtration,23,92,85.65,94876,26.54,14.65,43.9,2204,5.35,692
2799,China,Central,2022,Spring,,28,93,50.32,17929,52.25,46.67,74.38,2163,8.12,643
2800,China,Central,2024,Lake,,12,88,19.81,8515,25.55,41.78,54.47,1516,22.73,497
2801,China,East,2022,River,Filtration,49,92,77.27,52509,77.79,23.14,97.85,1811,11.2,288
2802,Ethiopia,South,2006,Spring,Chlorination,26,97,92.11,34370,13.17,23.12,84.9,698,36.69,546
2803,China,South,2019,River,Boiling,0,13,35.45,40571,51.64,46.01,85.2,1900,39.81,495
2804,Pakistan,West,2000,Lake,Boiling,6,21,78.73,60579,49.6,20.13,67.1,686,0.16,677
2805,Brazil,North,2013,Tap,Boiling,3,47,28.82,25462,13.89,33.58,20.67,578,30.36,620
2806,Mexico,South,2023,Tap,,9,50,94.37,84032,99.5,15.7,86.55,974,4.61,871
2807,Pakistan,Central,2003,Spring,,39,79,68.98,51217,82.31,33.78,22.03,1844,22.98,517
2808,Mexico,North,2016,Well,Boiling,34,10,57.79,68543,38.65,52.7,29.79,1088,9.14,228
2809,Pakistan,North,2020,Lake,,38,58,78.43,19084,68.49,69.51,87.09,891,38.59,209
2810,China,East,2013,Spring,Filtration,15,13,81.7,53656,71.66,76.43,37.5,2759,35.03,889
2811,Brazil,South,2015,Spring,Filtration,26,6,89.45,77000,65.11,37.03,87.29,213,23.82,92
2812,Indonesia,East,2013,Tap,,19,68,90.31,55462,43.25,85.1,38.91,2491,7.04,906
2813,Bangladesh,South,2015,River,Boiling,9,57,7.16,75034,88.51,29.25,81.66,2046,31.31,886
2814,Nigeria,West,2023,Lake,Boiling,44,39,14.04,15322,77.16,16.45,63.37,2461,20.81,885
2815,Brazil,East,2019,River,Boiling,32,92,82.95,86203,54.2,84.0,73.68,2296,24.46,285
2816,Indonesia,East,2007,Pond,Boiling,6,80,94.71,48601,0.26,53.18,87.05,1304,28.72,231
2817,USA,Central,2023,Pond,,41,93,32.15,98614,22.34,38.11,98.72,1770,16.65,550
2818,Pakistan,East,2002,Lake,Chlorination,43,24,2.84,44489,50.88,81.85,26.86,1077,0.31,657
2819,USA,South,2024,Well,Chlorination,45,77,33.63,99444,89.89,72.06,74.83,380,14.57,71
2820,Indonesia,Central,2018,Pond,Boiling,21,41,39.52,20970,62.86,76.6,96.7,871,16.55,407
2821,Brazil,East,2000,Tap,Boiling,42,85,76.58,92850,41.79,33.39,49.9,1069,14.68,175
2822,Pakistan,East,2001,Well,Boiling,16,43,6.66,35367,4.79,79.88,46.7,416,33.24,140
2823,Nigeria,West,2014,Spring,Chlorination,8,4,22.84,11334,59.73,61.98,74.4,1489,13.29,780
2824,China,East,2021,Pond,Filtration,39,27,89.61,57519,35.08,69.04,52.16,824,16.65,320
2825,Pakistan,North,2009,Tap,Chlorination,9,75,17.17,80896,53.74,34.99,37.16,2437,2.46,215
2826,Pakistan,Central,2017,Spring,,35,99,76.41,41166,76.64,29.6,32.92,2249,28.67,414
2827,Brazil,North,2021,Well,Chlorination,30,59,37.41,61956,80.37,42.65,35.41,1798,8.62,172
2828,Brazil,Central,2013,Lake,,30,76,66.94,78313,86.43,56.02,76.34,659,9.4,309
2829,Indonesia,West,2016,Spring,Boiling,4,20,9.24,81735,63.6,63.28,93.5,831,23.47,181
2830,India,East,2012,River,,17,95,30.08,88209,90.56,49.84,84.48,956,39.34,890
2831,Pakistan,East,2000,Lake,Boiling,5,48,43.63,4249,69.06,65.91,55.86,330,16.41,948
2832,Bangladesh,East,2004,Lake,Filtration,41,55,86.01,5246,78.39,66.67,62.29,729,13.09,178
2833,Pakistan,Central,2012,Well,Boiling,49,56,57.22,59278,68.55,63.29,69.61,1454,1.45,164
2834,Indonesia,East,2024,Well,Boiling,27,84,6.43,78617,87.19,30.09,66.4,2033,31.49,101
2835,Mexico,North,2013,Tap,Filtration,42,60,80.58,51085,22.29,45.71,97.48,431,10.45,165
2836,USA,East,2023,Tap,Boiling,23,37,7.34,78996,75.99,71.26,90.94,2663,30.75,14
2837,China,West,2002,River,Boiling,4,72,93.57,42899,11.72,80.96,23.48,1347,11.29,692
2838,India,North,2014,Lake,Boiling,27,1,22.75,28044,9.2,50.09,86.86,761,1.2,200
2839,Nigeria,East,2018,River,Chlorination,2,2,49.82,74139,49.16,88.94,29.12,376,19.93,560
2840,Nigeria,East,2016,River,,17,42,9.08,78990,30.02,23.98,75.22,1295,36.24,19
2841,Nigeria,South,2002,Well,Boiling,3,73,57.05,13513,56.34,27.95,42.85,2372,8.42,584
2842,Brazil,Central,2015,River,Chlorination,39,34,50.73,89927,67.77,46.86,81.87,2630,6.16,786
2843,Nigeria,North,2013,River,Boiling,48,72,42.2,70484,22.66,50.7,20.69,2432,7.39,93
2844,China,South,2011,Spring,,41,39,5.49,62008,69.99,43.96,50.58,283,27.61,486
2845,USA,West,2011,Tap,Boiling,31,95,88.14,9168,99.55,44.43,21.72,864,14.7,888
2846,Nigeria,Central,2010,Tap,,31,84,80.66,94177,76.0,48.98,96.28,2957,10.24,38
2847,Pakistan,North,2016,Lake,Chlorination,18,57,64.04,22212,17.38,35.61,21.23,2979,13.51,421
2848,Pakistan,East,2007,Tap,Chlorination,28,33,58.08,5694,63.37,20.48,32.42,1246,12.36,404
2849,Brazil,North,2016,Pond,Boiling,32,24,70.1,31049,0.95,86.49,63.14,1183,21.75,222
2850,China,East,2020,Lake,Filtration,1,55,16.11,47890,46.97,73.6,71.69,1105,5.33,876
2851,USA,Central,2024,Spring,,10,31,93.4,5850,53.33,75.19,78.32,2897,20.35,480
2852,India,East,2022,Tap,Boiling,46,21,29.9,6196,97.24,39.2,39.75,2137,12.47,230
2853,Indonesia,West,2019,Spring,Chlorination,32,88,66.34,98050,73.72,42.31,44.08,1930,37.31,792
2854,USA,East,2010,Tap,Boiling,40,64,61.46,42748,70.6,84.87,39.19,1320,16.87,730
2855,Indonesia,West,2024,Tap,,39,99,64.39,99072,53.24,87.83,39.53,1809,4.0,161
2856,Mexico,Central,2024,Spring,Boiling,0,20,88.14,26097,51.32,85.41,82.54,738,37.34,44
2857,Indonesia,Central,2001,River,,41,79,31.0,98893,99.21,61.41,95.84,2410,37.5,70
2858,Bangladesh,North,2009,River,Chlorination,16,95,75.4,35193,2.13,29.42,67.66,2309,7.02,285
2859,Pakistan,West,2009,River,Filtration,49,20,60.64,29531,30.32,58.4,32.59,601,32.66,835
2860,China,West,2010,Pond,Filtration,15,27,9.45,79647,13.38,57.13,25.23,462,34.48,968
2861,Ethiopia,South,2005,River,Chlorination,1,18,42.59,96144,31.5,82.66,39.13,398,14.22,621
2862,Brazil,South,2003,Tap,Chlorination,48,13,84.12,18032,46.36,34.93,34.22,1437,6.38,724
2863,Bangladesh,South,2023,Well,Boiling,3,86,32.9,29898,34.19,26.05,66.28,1731,31.94,768
2864,Indonesia,East,2011,Spring,Chlorination,31,23,49.26,82277,96.27,31.26,75.83,226,1.13,231
2865,Nigeria,South,2010,Well,Chlorination,6,19,49.89,75830,68.06,29.45,20.37,1204,24.78,709
2866,China,West,2022,Pond,,28,31,62.56,71333,72.8,61.87,55.17,1171,13.68,432
2867,Bangladesh,East,2022,Well,Boiling,8,73,88.63,92414,74.23,74.99,69.84,1418,23.84,413
2868,Brazil,Central,2024,Lake,,34,51,19.01,74232,89.92,39.45,35.43,1662,31.55,607
2869,Pakistan,North,2012,River,Boiling,4,64,51.45,92776,76.8,24.11,92.08,2570,33.15,609
2870,China,South,2004,Pond,Boiling,49,94,43.58,36329,1.62,37.45,63.92,544,39.94,963
2871,Brazil,Central,2005,Tap,Filtration,20,51,31.0,8515,26.14,53.72,47.63,1833,25.61,457
2872,Mexico,West,2000,River,Filtration,16,57,92.12,12242,98.91,63.16,21.49,1425,8.94,663
2873,Mexico,North,2005,River,Chlorination,38,78,2.8,4042,65.21,53.98,58.74,959,11.04,173
2874,Brazil,Central,2017,Well,Boiling,13,94,13.97,1873,6.81,30.54,46.88,1571,17.45,150
2875,Bangladesh,North,2021,Lake,Chlorination,31,91,73.87,70875,46.66,83.44,97.56,2258,33.94,266
2876,China,South,2008,River,,14,9,27.82,53831,98.08,45.03,50.3,634,14.67,512
2877,Bangladesh,West,2023,Spring,Chlorination,20,69,72.87,60492,99.28,46.72,93.68,1039,27.53,379
2878,India,North,2024,Spring,,13,14,83.56,77526,43.24,87.39,74.88,2395,1.8,612
2879,Indonesia,Central,2014,River,Filtration,40,46,26.95,98226,89.31,79.47,25.92,2117,17.2,278
2880,India,South,2007,Well,Filtration,15,90,20.81,30306,59.2,74.5,94.62,2516,6.68,172
2881,Mexico,South,2018,Well,,0,9,16.24,86434,50.94,24.62,33.48,2962,37.54,913
2882,Pakistan,Central,2023,Tap,,39,20,21.61,6549,41.19,77.05,55.84,435,31.66,539
2883,USA,Central,2015,Pond,,17,18,28.18,22542,89.21,46.42,93.84,842,5.55,683
2884,Indonesia,North,2005,Pond,Chlorination,33,67,87.14,43448,62.11,26.75,86.28,1110,16.07,61
2885,Mexico,East,2005,Pond,,25,21,77.46,26204,33.38,89.27,59.01,2499,3.22,335
2886,Bangladesh,South,2021,Lake,Boiling,35,62,2.18,26185,49.19,23.76,36.55,2815,29.86,67
2887,Bangladesh,North,2002,Well,,20,37,87.66,64951,44.41,83.76,60.74,1091,7.65,292
2888,Bangladesh,Central,2009,Tap,Filtration,0,14,9.72,52202,45.12,10.04,63.81,960,32.17,667
2889,Pakistan,North,2000,Spring,,26,69,66.22,74733,31.16,45.03,99.75,1425,2.96,66
2890,India,Central,2013,Pond,Filtration,10,74,16.84,40296,63.3,12.39,85.92,2496,22.92,389
2891,USA,West,2003,Spring,Filtration,37,43,8.1,26255,5.22,83.0,88.91,1013,24.33,891
2892,Bangladesh,Central,2011,Spring,Chlorination,13,29,76.46,33763,88.62,20.07,98.89,2620,13.37,18
2893,Ethiopia,Central,2005,River,,27,23,47.79,24021,41.54,63.85,61.87,375,6.57,713
2894,Indonesia,Central,2010,Lake,Filtration,26,85,60.71,66421,80.09,60.5,66.82,1448,12.95,600
2895,China,East,2011,Tap,Boiling,21,93,43.68,30844,72.95,72.33,56.36,1064,19.82,672
2896,Ethiopia,Central,2009,Lake,,20,45,8.58,77762,47.19,69.75,30.04,1886,38.76,836
2897,USA,South,2017,River,,23,3,74.48,38039,19.87,12.6,62.02,2686,17.88,716
2898,Pakistan,South,2006,Tap,Filtration,18,5,82.39,7780,56.22,41.07,66.61,1534,7.58,514
2899,USA,North,2006,Tap,Chlorination,23,37,6.06,18780,94.81,35.8,38.98,2301,1.04,722
2900,China,East,2010,Well,Chlorination,25,25,38.82,28930,18.58,87.83,82.63,2568,0.33,287
2901,Indonesia,North,2003,Lake,,24,18,56.62,56660,25.6,71.99,29.96,1442,16.67,443
2902,China,South,2019,Lake,,44,1,61.31,92946,99.3,66.64,60.16,1127,11.85,416
2903,Brazil,South,2000,Well,Chlorination,43,67,58.66,30094,89.26,45.37,73.02,1692,4.6,93
2904,Indonesia,West,2012,Spring,Chlorination,28,68,69.91,96501,54.95,81.28,24.39,2995,6.89,445
2905,USA,Central,2017,River,Boiling,9,46,96.75,34078,69.47,11.35,84.32,603,14.0,784
2906,Bangladesh,South,2008,Lake,,10,98,40.28,92014,44.31,28.28,44.33,546,27.47,382
2907,USA,North,2023,Well,,23,28,56.55,4294,40.41,65.6,77.42,2923,24.38,154
2908,USA,North,2023,Tap,,23,63,70.51,71343,44.32,50.67,28.66,688,3.2,908
2909,Indonesia,Central,2008,Pond,Chlorination,11,79,60.06,27480,41.44,52.7,69.62,2606,5.72,912
2910,Brazil,Central,2022,Well,Filtration,6,11,39.9,65252,67.56,43.31,64.58,1280,36.34,982
2911,USA,West,2008,Pond,Boiling,39,84,63.16,74157,33.05,23.32,32.0,1310,2.84,946
2912,Ethiopia,East,2009,Spring,Chlorination,16,72,65.71,5729,17.08,23.3,69.98,2625,7.95,754
2913,Mexico,North,2001,River,Chlorination,34,10,59.33,3455,70.66,33.56,75.31,1130,12.72,160
2914,Nigeria,Central,2005,Pond,Boiling,5,7,22.1,94634,3.13,47.46,59.88,2326,9.2,558
2915,Nigeria,North,2014,Spring,,11,59,51.59,49613,71.88,75.93,66.29,1586,11.63,845
2916,USA,Central,2002,Pond,Filtration,14,25,88.67,3453,26.32,45.75,90.99,1169,29.11,210
2917,Ethiopia,South,2010,Tap,Boiling,31,31,87.12,71220,19.03,81.82,75.82,507,3.8,463
2918,Bangladesh,North,2005,Tap,Filtration,22,38,75.58,17972,37.9,19.64,92.48,2134,14.09,518
2919,Pakistan,South,2002,Tap,,6,3,70.33,99120,11.75,31.74,64.19,1176,24.47,371
2920,Pakistan,North,2023,Tap,Filtration,37,97,17.02,12510,38.45,15.64,33.99,890,1.95,201
2921,Indonesia,East,2010,Well,,30,91,47.03,6738,10.23,50.8,39.7,2470,1.77,539
2922,Nigeria,West,2014,Tap,Chlorination,28,88,12.87,13246,48.35,17.2,34.11,2903,19.94,172
2923,USA,South,2012,Tap,,43,43,82.09,47288,17.62,73.65,46.82,363,35.99,288
2924,Pakistan,Central,2019,Well,Boiling,27,98,30.52,57622,13.0,13.18,58.2,1518,17.79,360
2925,USA,East,2009,Tap,Boiling,11,82,77.15,66430,57.91,48.03,40.47,850,16.27,221
2926,Indonesia,North,2005,Spring,,26,34,81.83,10265,62.52,43.65,58.05,2209,0.41,144
2927,Nigeria,South,2014,Spring,,3,50,89.46,17946,0.55,26.18,49.15,2559,29.31,710
2928,China,North,2024,Lake,Chlorination,20,50,75.88,84843,38.77,56.95,64.43,2417,6.56,853
2929,Mexico,North,2017,Spring,Chlorination,8,28,57.34,32919,7.8,40.89,54.28,2294,27.94,517
2930,Mexico,North,2017,River,,48,77,60.62,30927,73.86,25.84,54.73,205,13.94,494
2931,Pakistan,West,2006,River,Filtration,33,84,33.42,54203,68.15,76.13,59.25,1770,1.8,954
2932,Mexico,West,2014,River,Chlorination,36,35,19.35,70407,4.97,62.86,99.03,1103,13.12,764
2933,China,Central,2017,Well,Boiling,20,77,14.8,55326,94.13,10.97,64.52,1401,26.38,706
2934,USA,South,2017,Spring,Chlorination,22,59,19.84,69617,96.0,50.15,77.87,1346,30.73,717
2935,Indonesia,East,2019,River,Chlorination,23,14,93.53,14049,33.47,31.7,53.34,956,25.42,917
2936,China,East,2008,Lake,Chlorination,9,50,18.11,7048,13.06,83.21,46.07,1111,28.44,766
2937,Indonesia,East,2023,Well,Chlorination,37,49,72.93,70294,11.43,68.05,93.33,2768,9.44,536
2938,Indonesia,North,2001,Lake,,5,93,20.09,32563,84.07,58.93,79.39,1042,38.61,395
2939,Nigeria,West,2007,Spring,Chlorination,20,54,97.58,54547,45.92,17.12,66.59,2051,9.08,899
2940,USA,South,2019,Tap,Filtration,36,11,37.93,72983,0.95,84.45,46.91,762,6.8,696
2941,Ethiopia,North,2001,Lake,Chlorination,28,49,42.39,40504,92.54,21.54,40.63,2037,9.99,468
2942,Mexico,West,2010,Tap,Chlorination,39,61,41.64,38496,59.27,46.06,40.17,2574,38.88,833
2943,Ethiopia,West,2006,Well,Boiling,20,4,82.01,12967,69.04,64.48,60.3,2131,2.6,106
2944,Nigeria,South,2005,Lake,Chlorination,21,26,23.39,31351,82.36,49.58,89.99,2991,30.94,23
2945,Indonesia,South,2009,Lake,Boiling,34,78,83.44,33237,81.86,80.6,90.48,1228,4.21,164
2946,Pakistan,South,2004,Pond,Boiling,45,89,66.39,92646,7.58,76.83,79.6,242,30.93,909
2947,Mexico,North,2010,Well,,4,8,23.59,91623,57.4,20.83,63.4,1789,11.08,687
2948,Mexico,Central,2000,Well,Boiling,14,34,8.41,91068,69.62,59.41,38.79,2378,29.06,625
2949,USA,South,2001,River,Boiling,40,12,77.95,21894,8.56,14.18,58.31,1438,1.96,733
2950,Brazil,Central,2023,Spring,Filtration,46,43,23.46,44524,22.24,67.65,75.58,1107,13.38,139
2951,India,North,2000,Lake,Filtration,18,45,89.13,20935,39.58,68.88,67.6,776,18.58,13
2952,India,Central,2018,Lake,Boiling,15,96,14.72,20460,88.65,37.56,61.12,459,0.83,762
2953,India,East,2001,Well,,39,97,62.4,90255,85.06,72.93,54.26,2683,7.23,161
2954,Brazil,Central,2020,Well,Filtration,46,67,69.83,24979,78.21,62.22,80.2,2630,6.75,658
2955,USA,South,2019,Spring,Filtration,42,76,66.45,56305,99.03,50.32,87.38,2957,19.26,668
2956,Brazil,North,2022,Well,,22,73,32.97,98069,24.27,46.42,77.83,1641,5.33,199
2957,India,South,2020,Tap,Chlorination,3,52,87.8,51944,46.78,18.73,95.03,1698,39.09,977
2958,Nigeria,East,2023,Tap,Filtration,20,0,77.44,87299,44.67,52.49,82.39,1332,35.48,690
2959,China,South,2003,Pond,Boiling,23,10,52.0,24089,67.89,22.49,56.05,727,8.97,137
2960,Indonesia,South,2011,Tap,Boiling,41,49,61.12,99942,85.02,62.48,69.34,2962,9.37,613
2961,Brazil,South,2021,Tap,Boiling,25,8,57.5,10052,49.17,57.58,60.35,1877,37.9,598
2962,USA,West,2019,Spring,,41,37,94.78,80830,49.15,33.24,63.71,1069,11.98,465
2963,USA,East,2017,Lake,Boiling,1,86,89.85,25131,60.83,29.76,91.66,2231,16.93,87
2964,Ethiopia,South,2000,Tap,Chlorination,39,12,25.08,86939,74.25,48.08,44.07,785,28.06,443
2965,China,South,2000,Pond,,7,4,27.75,45605,20.13,51.0,21.05,1788,13.76,635
2966,Pakistan,South,2023,Well,Filtration,8,24,98.18,77664,96.19,73.83,75.65,1341,36.1,595
2967,Mexico,North,2013,Tap,,1,9,25.18,31592,9.21,34.32,34.48,774,23.56,134
2968,India,West,2003,Pond,Boiling,13,4,95.44,76187,2.31,42.27,32.34,340,22.69,221
2969,Pakistan,North,2004,Spring,,19,21,65.68,30557,35.88,37.46,99.4,2472,22.17,202
2970,Ethiopia,West,2010,Well,,1,41,6.91,89124,70.14,41.53,41.34,1406,4.48,597
2971,India,South,2023,Pond,,3,88,34.9,39459,97.81,55.37,36.3,2408,31.62,236
2972,China,East,2022,Tap,,34,19,48.66,6265,93.28,54.6,35.28,1285,22.88,349
2973,Ethiopia,Central,2012,Lake,Chlorination,13,27,83.64,25313,68.85,38.91,52.99,596,2.14,853
2974,India,Central,2015,Well,,20,20,34.2,36307,43.65,58.19,52.75,2064,34.01,149
2975,China,South,2023,Well,Boiling,47,10,32.44,49009,59.58,59.28,70.6,1620,29.18,688
2976,Bangladesh,North,2012,Lake,Filtration,14,92,92.19,58232,96.87,52.15,28.29,2263,11.56,422
2977,Pakistan,East,2023,Well,Chlorination,38,68,9.75,28482,26.55,46.19,70.84,2476,11.44,195
2978,Pakistan,West,2021,Tap,,49,36,56.05,91296,47.83,16.23,56.29,637,20.19,332
2979,Mexico,South,2001,Well,Filtration,19,48,51.42,86403,69.29,53.3,36.61,2661,0.29,848
2980,China,East,2015,Tap,Chlorination,5,68,7.62,65891,1.03,67.02,82.26,2856,32.38,224
2981,Brazil,East,2005,Lake,Boiling,27,32,10.6,82052,38.13,27.23,57.93,2055,37.68,598
2982,Bangladesh,West,2013,River,Boiling,47,44,39.43,49838,56.79,72.23,77.36,851,17.86,518
2983,Nigeria,East,2000,Lake,Filtration,42,99,15.15,48747,90.09,56.91,93.65,2377,21.46,84
2984,India,North,2016,Tap,,1,7,48.85,27819,99.2,29.0,48.27,854,32.39,418
2985,Bangladesh,North,2010,Spring,Filtration,27,5,61.67,69464,55.63,23.04,91.83,1048,11.1,637
2986,China,North,2018,Lake,Chlorination,33,14,69.76,27486,94.46,29.63,36.03,2939,19.67,349
2987,Indonesia,East,2002,Spring,Filtration,13,14,55.55,28310,9.93,70.73,37.77,1386,4.44,570
2988,India,North,2010,Spring,Filtration,8,8,39.21,31227,70.13,30.04,73.1,677,28.08,328
2989,USA,West,2004,Tap,,22,60,14.72,89174,40.06,64.66,28.21,1858,31.71,248
2990,Pakistan,East,2016,Tap,Boiling,43,55,26.25,65879,75.1,53.67,56.38,1261,2.68,519
2991,China,Central,2021,River,,34,4,43.1,96782,86.77,53.75,37.11,1175,35.3,804
2992,USA,East,2006,Pond,Boiling,21,25,92.56,87489,5.37,78.21,65.67,1987,14.98,463
2993,Mexico,West,2009,Well,,4,86,21.85,19818,93.55,79.98,84.55,718,36.89,719
2994,Ethiopia,Central,2010,Lake,Boiling,40,79,42.51,62922,6.82,52.95,23.39,1391,36.01,496
2995,Nigeria,East,2002,Tap,,28,56,73.77,21255,75.34,15.22,53.06,264,31.64,882
2996,Nigeria,North,2019,Lake,Boiling,34,34,71.11,79148,6.91,22.89,78.45,2699,33.21,67
2997,USA,South,2009,Pond,Boiling,49,9,96.63,48569,86.17,85.89,47.38,1052,11.57,643
2998,Pakistan,South,2009,Pond,Boiling,33,90,20.71,49099,20.5,20.78,23.34,369,14.69,643
2999,Mexico,North,2013,Spring,Boiling,3,79,3.62,72970,43.41,76.83,67.31,937,9.6,274
